station_code,station_name_th,station_name_en,basin,sub_basin_id,sub_basin_name_th,sub_basin_name_en,data_type,lat,long,province,amphoe,total_expected_months,available_months_count,completeness_pct,first_available_month,last_available_month
NAKU,อบต.นาคู,Na Khu,chi,0426,,,rainfall,16.79785,104.04477,กาฬสินธุ์,นาคู,91,91,100.0%,201901,202607
BMOD,เทศบาลตำบลเหนือ,nua,chi,0424,,,rainfall,16.42528,103.55949,กาฬสินธุ์,เมืองกาฬสินธุ์,91,91,100.0%,201901,202607
CHI005,ชนบท,Chi 5,chi,0409,,,rainfall,16.09691,102.56997,ขอนแก่น,ชนบท,91,91,100.0%,201901,202607
BNPI,อบต.บ้านไผ่,Ban Phai,chi,0409,,,rainfall,16.11661,102.70679,ขอนแก่น,บ้านไผ่,91,91,100.0%,201901,202607
PTYS,อบต.หนองกุงธนสาร,Nong Kung Thanasan,chi,0417,,,rainfall,16.63868,102.42059,ขอนแก่น,ภูเวียง,91,91,100.0%,201901,202607
BJIG,อบต.บ้านเจียง,Ban Jiang,chi,0403,,,rainfall,16.01884,101.50008,ชัยภูมิ,ภักดีชุมพล,91,91,100.0%,201901,202607
CHTG,อบต.เจาทอง,Chao Thong,chi,0403,,,rainfall,15.90696,101.42754,ชัยภูมิ,ภักดีชุมพล,91,91,100.0%,201901,202607
HUYG,อบต.หนองโพนงาม,Nong Phon Ngam,chi,0414,,,rainfall,16.43053,101.96625,ชัยภูมิ,เกษตรสมบูรณ์,91,91,100.0%,201901,202607
NNKO,อบต.โนนกอก,Non Kok,chi,0414,,,rainfall,16.19924,101.93238,ชัยภูมิ,เกษตรสมบูรณ์,91,91,100.0%,201901,202607
CHI003,เมืองชัยภูมิ,Chi 3,chi,0407,,,rainfall,15.68157,102.0095,ชัยภูมิ,เมืองชัยภูมิ,91,91,100.0%,201901,202607
CSMO,อบต.ช่องสามหมอ,Chong Sam Mo,chi,0408,,,rainfall,16.11598,102.23128,ชัยภูมิ,แก้งคร้อ,91,91,100.0%,201901,202607
BDWN,อบต.ดอนหว่าน,Don Wan,chi,0421,,,rainfall,16.008,103.31885,มหาสารคาม,เมืองมหาสารคาม,91,91,100.0%,201901,202607
CHI012,เมืองมหาสารคาม,Mueang Maha Sarakham,chi,0421,,,rainfall,16.23231,103.27106,มหาสารคาม,เมืองมหาสารคาม,91,91,100.0%,201901,202607
WEI052,ท้ายฝายมหาสารคาม,Maha Sarakham Weir,chi,0421,,,rainfall,16.365969,102.94979,มหาสารคาม,โกสุมพิสัย,91,91,100.0%,201901,202607
VLGE14,ชุมชนบ้านตูม,Tum Communuty,chi,0427,,,rainfall,15.41897,104.34192,ยโสธร,ค้อวัง,91,91,100.0%,201901,202607
WEI072,ท้ายฝายร้อยเอ็ด,Roi Et Weir,chi,0425,,,rainfall,16.17222,103.78973,ร้อยเอ็ด,เชียงขวัญ,91,91,100.0%,201901,202607
WEI071,เหนือฝายร้อยเอ็ด,Upper Roi Et Weir,chi,0425,,,rainfall,16.172573,103.78899,ร้อยเอ็ด,เชียงขวัญ,91,91,100.0%,201901,202607
BNHO,อบต.โพธิ์ทอง,Pho Thong,chi,0426,,,rainfall,16.12729,104.11499,ร้อยเอ็ด,เสลภูมิ,91,91,100.0%,201901,202607
SACS,ทต.อัคคะคำ,Akkha Kham,chi,0424,,,rainfall,16.3871,103.75212,ร้อยเอ็ด,โพธิ์ชัย,91,91,100.0%,201901,202607
NNPT,อบต.วังทอง,Wang Thong,chi,0413,,,rainfall,17.32078,102.02481,หนองบัวลำภู,นาวัง,91,91,100.0%,201901,202607
LDKS,อบต.นากอก,Na Kok,chi,0411,,,rainfall,16.898,102.20174,หนองบัวลำภู,ศรีบุญเรือง,91,91,100.0%,201901,202607
BNHI,อบต.นาคำไฮ,Na Kham Hai,chi,0413,,,rainfall,17.26206,102.33822,หนองบัวลำภู,เมืองหนองบัวลำภู,91,91,100.0%,201901,202607
SOKL,อบต.ปางกู่,Pang Ku,chi,0417,,,rainfall,17.01999,102.59124,หนองบัวลำภู,โนนสัง,91,91,100.0%,201901,202607
NKTP,ทต.บะยาว,Ba Yao,chi,0422,,,rainfall,17.08087,103.39912,อุดรธานี,วังสามหมอ,91,91,100.0%,201901,202607
WEI092,ท้ายฝายธาตุน้อย,Tat Noi Weir,chi,0427,,,rainfall,15.310821,104.45699,อุบลราชธานี,เขื่องใน,91,91,100.0%,201901,202607
CHI011,เขื่องใน,Chi 11,chi,0427,,,rainfall,15.32248,104.54649,อุบลราชธานี,เขื่องใน,91,91,100.0%,201901,202607
PHKD,อบต.ศรีฐาน,Si Than,chi,0410,,,rainfall,16.87717,101.86141,เลย,ภูกระดึง,91,91,100.0%,201901,202607
CHUN,ทต.ห้วยข้าวก่ำ,Huai Khao Kam,khong-north,0214,,,rainfall,19.35007,100.1395,พะเยา,จุน,91,91,100.0%,201901,202607
CGKM,ทต.หย่วน,Yuan,khong-north,0215,,,rainfall,19.52467,100.30102,พะเยา,เชียงคำ,91,91,100.0%,201901,202607
PYO001,ท้ายกว๊านพะเยา,Kwan Phayao,khong-north,0211,,,rainfall,19.15985,99.91412,พะเยา,เมืองพะเยา,91,91,100.0%,201901,202607
YGHM,ทต.ยางฮอม,Yang Hom,khong-north,0216,,,rainfall,19.92229,100.30565,เชียงราย,ขุนตาล,91,91,100.0%,201901,202607
CGKG,ทต.เวียง,Wiang,khong-north,0210,,,rainfall,20.25734,100.40289,เชียงราย,เชียงของ,91,91,100.0%,201901,202607
CGSN,ทต.โยนก,Yonok,khong-north,0209,,,rainfall,20.24011,100.06739,เชียงราย,เชียงแสน,91,91,100.0%,201901,202607
CHR005,เชียงแสน,Chaing Rai 5,khong-north,0209,,,rainfall,20.2197,100.12121,เชียงราย,เชียงแสน,91,91,100.0%,201901,202607
CHR002,เทิง,Chaing Rai 2,khong-north,0216,,,rainfall,19.68822,100.18758,เชียงราย,เทิง,91,91,100.0%,201901,202607
CHR001,เมืองเชียงราย,Chaing Rai 1,khong-north,0208,,,rainfall,19.82637,99.77892,เชียงราย,เมืองเชียงราย,91,91,100.0%,201901,202607
WGCI,ทต.สิริเวียงชัย,Siri Wiang Chai,khong-north,0208,,,rainfall,19.86749,99.89004,เชียงราย,เวียงชัย,91,91,100.0%,201901,202607
WGKN,ทต.หล่ายงาว,Lai Ngao,khong-north,0217,,,rainfall,20.10587,100.50048,เชียงราย,เวียงแก่น,91,91,100.0%,201901,202607
CHR003,แม่จัน,Chaing Rai 3,khong-north,0202,,,rainfall,20.15754,99.85966,เชียงราย,แม่จัน,91,91,100.0%,201901,202607
HSYO,ทต.ดงมะดะ,Dong Mada,khong-north,0208,,,rainfall,19.74717,99.68352,เชียงราย,แม่ลาว,91,91,100.0%,201901,202607
CHR004,แม่สรวย,Chaing Rai 4,khong-north,0206,,,rainfall,19.65265,99.5379,เชียงราย,แม่สรวย,91,91,100.0%,201901,202607
FANG,อบต.เวียง,Wiang,khong-north,0203,,,rainfall,19.94109,99.21811,เชียงใหม่,ฝาง,91,91,100.0%,201901,202607
CHM003,แม่อาย,Chiang Mai 3,khong-north,0204,,,rainfall,20.06092,99.36204,เชียงใหม่,แม่อาย,91,91,100.0%,201901,202607
CPKC,ทต.ไชยปราการ,Chai Prakan,khong-north,0203,,,rainfall,19.74219,99.14546,เชียงใหม่,ไชยปราการ,91,91,100.0%,201901,202607
KHOG,ทต.เมืองคง,Khong,mun,0516,,,rainfall,15.44376,102.32843,นครราชสีมา,คง,91,91,100.0%,201901,202607
BUGN,ร.ร.บ้านอังโกน-ห้วยทราย,Ban Ang Kone - Huai Sai School,mun,0502,,,rainfall,14.49607,102.2472,นครราชสีมา,ครบุรี,91,91,100.0%,201901,202607
SISU,อบต.ศรีละกอ,Si Lako,mun,0509,,,rainfall,14.9475,102.40295,นครราชสีมา,จักราช,91,91,100.0%,201901,202607
NBLK,อบต.หนองบัวละคร,Nong Bua Lakhon,mun,0508,,,rainfall,15.25427,101.86642,นครราชสีมา,ด่านขุนทด,91,91,100.0%,201901,202607
BKUG,อบต.ตะคุ,Takhu,mun,0504,,,rainfall,14.72923,101.98731,นครราชสีมา,ปักธงชัย,91,91,100.0%,201901,202607
TLPC,อบต.ขนงพระ,Khanong Phra,mun,0506,,,rainfall,14.60689,101.45632,นครราชสีมา,ปากช่อง,91,91,100.0%,201901,202607
WNMI,อบต.วังหมี,Wang Mi,mun,0504,,,rainfall,14.4157,101.68403,นครราชสีมา,วังน้ำเขียว,91,91,100.0%,201901,202607
UDMS,อบต.อุดมทรัพย์,Udomsup,mun,0504,,,rainfall,14.55706,101.97418,นครราชสีมา,วังน้ำเขียว,91,91,100.0%,201901,202607
MUN002,เฉลิมพระเกียรติ,Mun 2,mun,0505,,,rainfall,14.968,102.23782,นครราชสีมา,เฉลิมพระเกียรติ,91,91,100.0%,201901,202607
BSDE,ทต.ไชยมงคล,Chai Mongkhon,mun,0504,,,rainfall,14.83753,102.06885,นครราชสีมา,เมืองนครราชสีมา,91,91,100.0%,201901,202607
VLGE07,บ้านโคกพลวง,Ban Khok Puang Communuty,mun,0513,,,rainfall,14.59236,102.66768,บุรีรัมย์,นางรอง,91,91,100.0%,201901,202607
BNKP,อบต.หนองกง,Nong Kong,mun,0512,,,rainfall,14.69467,102.88834,บุรีรัมย์,นางรอง,91,91,100.0%,201901,202607
MUN012,ประโคนชัย,Mun 12,mun,0523,,,rainfall,14.633034,103.23046,บุรีรัมย์,ประโคนชัย,91,91,100.0%,201901,202607
VLGE21,ชุมชนโกรกประดู่,Krok Pradu Communuty,mun,0513,,,rainfall,14.93522,102.88857,บุรีรัมย์,ลำปลายมาศ,91,91,100.0%,201901,202607
BDAR,ทต.ดอนอะราง,Don A-Rang,mun,0513,,,rainfall,14.58711,102.49516,บุรีรัมย์,หนองกี่,91,91,100.0%,201901,202607
HYRT,ทต.ห้วยราช,Huai Rat,mun,0521,,,rainfall,14.97335,103.18654,บุรีรัมย์,ห้วยราช,91,91,100.0%,201901,202607
KNDG,อบต.แคนดง,Khaen Dong,mun,0520,,,rainfall,15.30825,103.12405,บุรีรัมย์,แคนดง,91,91,100.0%,201901,202607
LNRG,อบต.ลำนางรอง,Lam Nang Rong,mun,0511,,,rainfall,14.1899,102.68618,บุรีรัมย์,โนนดินแดง,91,91,100.0%,201901,202607
NOKG,อบต.หนองโพธิ์,Nong Pho,mun,0519,,,rainfall,15.77424,103.10276,มหาสารคาม,นาเชือก,91,91,100.0%,201901,202607
NNDG,อบต.โนนแดง,Non Daeng,mun,0519,,,rainfall,15.89121,103.07812,มหาสารคาม,บรบือ,91,91,100.0%,201901,202607
MUN005,ราษีไศล,Mun 5,mun,0534,,,rainfall,15.33953,104.15237,ศรีสะเกษ,ราษีไศล,91,91,100.0%,201901,202607
NOPU,อบต.สุขสวัสดิ์,Suk Sawat,mun,0535,,,rainfall,14.86402,104.35035,ศรีสะเกษ,ไพรบึง,91,91,100.0%,201901,202607
VLGE27,ชุมชนหนองใหญ่,Nong Yai Communuty,mun,0523,,,rainfall,14.5727,103.47313,สุรินทร์,ปราสาท,91,91,100.0%,201901,202607
BJAN,อบต.บ้านจารย์,Ban Charn,mun,0533,,,rainfall,14.56653,103.74237,สุรินทร์,สังขะ,91,91,100.0%,201901,202607
ACRU,ทต.ไก่คำ,Kai Kham,mun,0546,,,rainfall,15.78806,104.6422,อำนาจเจริญ,เมืองอำนาจเจริญ,91,91,100.0%,201901,202607
TSUD,อบต.โคกชำแระ,Chok Chamrae,mun,0548,,,rainfall,14.73264,104.90761,อุบลราชธานี,ทุ่งศรีอุดม,91,91,100.0%,201901,202607
NASG,ทต.นาส่วง,Na Suang,mun,0548,,,rainfall,15.0115,104.94815,อุบลราชธานี,เดชอุดม,91,91,100.0%,201901,202607
KANG,อบต.แก้ง,Kaeng,mun,0548,,,rainfall,14.71031,105.018,อุบลราชธานี,เดชอุดม,91,91,100.0%,201901,202607
TGCG,ที่ว่าการอำเภอทุ่งช้าง,Thung Chang,nan,0901,,,rainfall,19.38663,100.87583,น่าน,ทุ่งช้าง,91,91,100.0%,201901,202607
NAN001,ท่าวังผา,Nan 1,nan,0903,,,rainfall,19.09611,100.80258,น่าน,ท่าวังผา,91,91,100.0%,201901,202607
NAMN,สนามกีฬา ทต.บ่อแก้ว,Bo Kaeo,nan,0912,,,rainfall,18.21042,100.66244,น่าน,นาหมื่น,91,91,100.0%,201901,202607
BOKA,ทต.บ่อเกลือใต้,Bo Kluea Tai,nan,0910,,,rainfall,19.07989,101.15386,น่าน,บ่อเกลือ,91,91,100.0%,201901,202607
VLGE19,วัดบ้านดงผาปูน,Dong Pha Poon Temple Communuty,nan,0910,,,rainfall,19.07307,101.19879,น่าน,บ่อเกลือ,91,91,100.0%,201901,202607
PUAA,อบต.ไชยวัฒนา,Chai Watthana,nan,0901,,,rainfall,19.22249,100.91779,น่าน,ปัว,91,91,100.0%,201901,202607
NAN002,ภูเพียง,Nan 2,nan,0905,,,rainfall,18.85971,100.8171,น่าน,ภูเพียง,91,91,100.0%,201901,202607
NAN003,เมืองน่าน,Nan 3,nan,0907,,,rainfall,18.73796,100.75609,น่าน,ภูเพียง,91,91,100.0%,201901,202607
CLPK,อบต.ห้วยโก๋น,Huai Kron,nan,0901,,,rainfall,19.59513,101.08574,น่าน,เฉลิมพระเกียรติ,91,91,100.0%,201901,202607
NANT,อบจ.น่าน,Nan,nan,0906,,,rainfall,18.79898,100.73317,น่าน,เมืองน่าน,91,91,100.0%,201901,202607
NAN009,เวียงสา,Wieng Sa,nan,0911,,,rainfall,18.54992,100.76151,น่าน,เวียงสา,91,91,100.0%,201901,202607
MCRM,รพสต.หมอเมือง,Mo Mueang,nan,0910,,,rainfall,18.67822,100.9928,น่าน,แม่จริม,91,91,100.0%,201901,202607
NAN006,บางกระทุ่ม,Nan 6,nan,0921,,,rainfall,16.58046,100.23858,พิษณุโลก,บางกระทุ่ม,91,91,100.0%,201901,202607
VLGE12,สะพานนครป่าหมากร่วมใจ,Nakhon Pa Mak Ruamjai Bridge,nan,0922,,,rainfall,16.60887,100.36977,พิษณุโลก,บางกระทุ่ม,91,91,100.0%,201901,202607
PPRM,อบต.พรหมพิราม,Phrom Phiram,nan,0917,,,rainfall,17.02166,100.19216,พิษณุโลก,พรหมพิราม,91,91,100.0%,201901,202607
NAN005,แม่น้ำเข็ก (ว้งทอง),Nan 5,nan,0922,,,rainfall,16.85502,100.66681,พิษณุโลก,วังทอง,91,91,100.0%,201901,202607
WTBT,อบต.วัดโบสถ์,Wat Bot,nan,0922,,,rainfall,16.95813,100.33734,พิษณุโลก,วัดโบสถ์,91,91,100.0%,201901,202607
NMPR,ทต.เนินมะปราง,Noen Maprang,nan,0923,,,rainfall,16.57068,100.6494,พิษณุโลก,เนินมะปราง,91,91,100.0%,201901,202607
NAN012,เมืองพิษณุโลก,Nan 12,nan,0921,,,rainfall,16.86469,100.24476,พิษณุโลก,เมืองพิษณุโลก,91,91,100.0%,201901,202607
WCTK,โครงการชลประทานพิษณุโลก,Regional Irrigation Office,nan,0921,,,rainfall,16.81502,100.25992,พิษณุโลก,เมืองพิษณุโลก,91,91,100.0%,201901,202607
NAN014,ตรอน,NAN 14,nan,0917,,,rainfall,17.41834,100.13075,อุตรดิตถ์,ตรอน,91,91,100.0%,201901,202607
TGSK,ทต.ทองแสนขัน,Thong Saen Khan,nan,0916,,,rainfall,17.46789,100.33244,อุตรดิตถ์,ทองแสนขัน,91,91,100.0%,201901,202607
SRKT,อบต.ท่าแฝก,Tha Phaek,nan,0913,,,rainfall,17.94566,100.63106,อุตรดิตถ์,ท่าปลา,91,91,100.0%,201901,202607
NMPT,ทต.น้ำปาด,Nam Pat,nan,0914,,,rainfall,17.72534,100.6814,อุตรดิตถ์,น้ำปาด,91,91,100.0%,201901,202607
NAN010,น้ำปาด,Nan 10,nan,0914,,,rainfall,17.79087,100.74902,อุตรดิตถ์,น้ำปาด,91,91,100.0%,201901,202607
DIV003,คลองผันน้ำยม-น่าน3,Yom-Nan 3,nan,0917,,,rainfall,17.29251,100.07764,อุตรดิตถ์,พิชัย,91,91,100.0%,201901,202607
NAN004,พิชัย,Nan 4,nan,0917,,,rainfall,17.29433,100.08282,อุตรดิตถ์,พิชัย,91,91,100.0%,201901,202607
CNDN,อบต.ชนแดน,Chon Daen,nan,0923,,,rainfall,16.17908,100.90167,เพชรบูรณ์,ชนแดน,91,91,100.0%,201901,202607
WGPO,ลานกีฬา อบต.วังโป่ง,Wang Pong,nan,0923,,,rainfall,16.36589,100.83071,เพชรบูรณ์,วังโป่ง,91,91,100.0%,201901,202607
KOKO,อบต.ทุ่งสมอ,Thung Samo,nan,0922,,,rainfall,16.70502,101.04407,เพชรบูรณ์,เขาค้อ,91,91,100.0%,201901,202607
NMKH,อบต.หนองมะค่า,Nong Makha,pa-sak,1206,,,rainfall,15.4321,100.9245,ลพบุรี,โคกเจริญ,91,91,100.0%,201901,202607
BSMP,อบต.บึงสามพัน,Bueng Sam Phan,pa-sak,1205,,,rainfall,15.77805,101.02094,เพชรบูรณ์,บึงสามพัน,91,91,100.0%,201901,202607
WCBR,ทม.วิเชียรบุรี,Wichiang Buri,pa-sak,1205,,,rainfall,15.65728,101.12476,เพชรบูรณ์,วิเชียรบุรี,91,91,100.0%,201901,202607
SITP,อบต.ศรีเทพ,Si Thep,pa-sak,1207,,,rainfall,15.43789,101.16249,เพชรบูรณ์,ศรีเทพ,91,91,100.0%,201901,202607
NGPI,อบต.หนองไผ่,Nong Phai,pa-sak,1205,,,rainfall,15.98164,101.07372,เพชรบูรณ์,หนองไผ่,91,91,100.0%,201901,202607
PAS001,หล่มสัก,Pa Sak 1,pa-sak,1201,,,rainfall,16.78151,101.2467,เพชรบูรณ์,หล่มสัก,91,91,100.0%,201901,202607
TAKL,อบต.ตาดกลอย,Tat Kloi,pa-sak,1201,,,rainfall,17.0035,101.36601,เพชรบูรณ์,หล่มเก่า,91,91,100.0%,201901,202607
LMKO,อบต.หล่มเก่า,Lom Kao,pa-sak,1202,,,rainfall,16.88067,101.23835,เพชรบูรณ์,หล่มเก่า,91,91,100.0%,201901,202607
KHPB,อบจ.เพชรบูรณ์,Phetchabun,pa-sak,1203,,,rainfall,16.44121,101.14906,เพชรบูรณ์,เมืองเพชรบูรณ์,91,91,100.0%,201901,202607
PAS002,เมืองเพชรบูรณ์,Pa Sak 2,pa-sak,1203,,,rainfall,16.44786,101.17017,เพชรบูรณ์,เมืองเพชรบูรณ์,91,91,100.0%,201901,202607
PIN001,บ้านตาก,Ping 1,ping,0622,,,rainfall,17.04066,99.06628,ตาก,บ้านตาก,91,91,100.0%,201901,202607
PIN002,เมืองตาก,Ping 2,ping,0624,,,rainfall,16.78657,99.18398,ตาก,วังเจ้า,91,91,100.0%,201901,202607
PMPN,ศูนย์ดูแลผู้สูงอายุ ทต.สามเงา,Sam Ngao,ping,0621,,,rainfall,17.22486,99.05115,ตาก,สามเงา,91,91,100.0%,201901,202607
PASG,ทต.ป่าซาง,Pa Sang,ping,0608,,,rainfall,18.51816,98.93948,ลำพูน,ป่าซาง,91,91,100.0%,201901,202607
LMPN,สวนสาธารณะกู่ช้าง ทต.ลำพูน,Lamphun,ping,0608,,,rainfall,18.58646,99.01955,ลำพูน,เมืองลำพูน,91,91,100.0%,201901,202607
VLGE06,ชุมชนบ้านแม่ละอุป,Mae La-up Communuty,ping,0616,,,rainfall,19.00122,98.27111,เชียงใหม่,กัลยาณิวัฒนา,91,91,100.0%,201901,202607
VLGE25,แม่หาด,Mae Had Communuty,ping,0614,,,rainfall,18.46006,98.65094,เชียงใหม่,จอมทอง,91,91,100.0%,201901,202607
DSKT,ทต.ดอยสะเก็ด,Choeng Doi,ping,0608,,,rainfall,18.86477,99.13227,เชียงใหม่,ดอยสะเก็ด,91,91,100.0%,201901,202607
VLGE04,ป่าสักงาม,Pa Sak Ngam Communuty,ping,0608,,,rainfall,18.9926,99.12811,เชียงใหม่,ดอยสะเก็ด,91,91,100.0%,201901,202607
DITO,อบต.ดอยเต่า,Doi Tao,ping,0618,,,rainfall,17.91548,98.72789,เชียงใหม่,ดอยเต่า,91,91,100.0%,201901,202607
VLGE11,ชุมชนบ้านห้วยทราย,Ban Huai Sai Communuty,ping,0602,,,rainfall,19.34,99.21733,เชียงใหม่,พร้าว,91,91,100.0%,201901,202607
SKPG,รร.อนุบาล ทต.สันกำแพง,San Kamphaeng,ping,0608,,,rainfall,18.75289,99.12771,เชียงใหม่,สันกำแพง,91,91,100.0%,201901,202607
SNSI,ทต.สันนาเม็ง,San Na Meng,ping,0608,,,rainfall,18.83802,99.05691,เชียงใหม่,สันทราย,91,91,100.0%,201901,202607
TBW008,ฝ่ายส่งน้ำและบำรุงรักษาที่ 2,Water Transmission and Maintenance 2,ping,0608,,,rainfall,18.88353,99.08182,เชียงใหม่,สันทราย,91,91,100.0%,201901,202607
TB0006,สะพานโยธาอำนวยพัฒนา,Civil Bridge,ping,0610,,,rainfall,18.57391,98.86222,เชียงใหม่,สันป่าตอง,91,91,100.0%,201901,202607
OMKI,อบต.อมก๋อย,Omkoi,ping,0620,,,rainfall,17.79795,98.34148,เชียงใหม่,อมก๋อย,91,91,100.0%,201901,202607
CHM002,ฮอด,Chiang Mai 2,ping,0618,,,rainfall,18.17859,98.63017,เชียงใหม่,ฮอด,91,91,100.0%,201901,202607
CGDO,ทต.แม่นะ,Mae Na,ping,0601,,,rainfall,19.34123,98.96134,เชียงใหม่,เชียงดาว,91,91,100.0%,201901,202607
CHM004,เชียงดาว,Chiang Mai 4,ping,0601,,,rainfall,19.36728,98.96884,เชียงใหม่,เชียงดาว,91,91,100.0%,201901,202607
TAPE,ทต.ช้างเผือก,Chang Phueak,ping,0607,,,rainfall,18.8101,98.96992,เชียงใหม่,เมืองเชียงใหม่,91,91,100.0%,201901,202607
WGHG,อบต.เปียงหลวง,Piang Luang,ping,0604,,,rainfall,19.64923,98.63487,เชียงใหม่,เวียงแหง,91,91,100.0%,201901,202607
TB0007,ที่ว่าการอำเภอแม่วาง,Mae Wang,ping,0610,,,rainfall,18.61261,98.77524,เชียงใหม่,แม่วาง,91,91,100.0%,201901,202607
MNDM,เขื่อนแม่งัดสมบูรณ์ชล,Mae Ngad Dam,ping,0602,,,rainfall,19.16175,99.03968,เชียงใหม่,แม่แตง,91,91,100.0%,201901,202607
CHM005,แม่แตง,Chiang Mai 5,ping,0604,,,rainfall,19.12207,98.94447,เชียงใหม่,แม่แตง,91,91,100.0%,201901,202607
WAN001,สามเงา,Wang 1,wang,0711,,,rainfall,17.26053,99.07797,ตาก,สามเงา,91,91,100.0%,201901,202607
SPPT,อบต.นายาง,Na Yang,wang,0709,,,rainfall,17.90977,99.30969,ลำปาง,สบปราบ,91,91,100.0%,201901,202607
VLGE28,ชุมชนแม่ตาลน้อย,Mae Tan Noi Communuty,wang,0705,,,rainfall,18.41521,99.26469,ลำปาง,ห้างฉัตร,91,91,100.0%,201901,202607
HCTT,อบต.หนองหล่ม,Nong Lom,wang,0705,,,rainfall,18.33624,99.39992,ลำปาง,ห้างฉัตร,91,91,100.0%,201901,202607
WAN004,เกาะคา,Wang 4,wang,0705,,,rainfall,18.15915,99.38407,ลำปาง,เกาะคา,91,91,100.0%,201901,202607
WAN003,เถิน,Wang 3,wang,0709,,,rainfall,17.75171,99.23061,ลำปาง,เถิน,91,91,100.0%,201901,202607
TBW009,อ่างเก็บน้ำแม่เกี๋ยง,Huai Mae Kiang,wang,0704,,,rainfall,18.43277,99.49828,ลำปาง,เมืองลำปาง,91,91,100.0%,201901,202607
TBR015,สวนเพชรล้านนา,Pethlanna Farm,wang,0702,,,rainfall,18.80307,99.58371,ลำปาง,แจ้ห่ม,91,91,100.0%,201901,202607
CEHM,อบต.แจ้ห่ม,Chae Hom,wang,0701,,,rainfall,18.71225,99.58207,ลำปาง,แจ้ห่ม,91,91,100.0%,201901,202607
WAN002,แม่พริก,Wang 2,wang,0709,,,rainfall,17.44521,99.12897,ลำปาง,แม่พริก,91,91,100.0%,201901,202607
MMMO,ทต.แม่เมาะ,Mae Mo,wang,0706,,,rainfall,18.27293,99.65159,ลำปาง,แม่เมาะ,91,91,100.0%,201901,202607
BLUG,สนามกีฬา อบต.ป่าคาหลวง,Pha Ka Luang,yom,0804,น้ำแม่งาว,Nam Mae Ngao,rainfall,18.85289,100.43501,น่าน,บ้านหลวง,91,91,100.0%,201901,202607
CGMN,ทต.เชียงม่วน,Chiang Muan,yom,0804,น้ำแม่งาว,Nam Mae Ngao,rainfall,18.8938,100.28783,พะเยา,เชียงม่วน,91,91,100.0%,201901,202607
VLGE13,ชุมแสงสงคราม,Chum Saeng Songkhram Communuty,yom,0817,แม่น้ำยมส่วนที่ 4,Yom River Part 4,rainfall,16.8586,100.05965,พิษณุโลก,บางระกำ,91,91,100.0%,201901,202607
BRKM,ทต.บางระกำเมืองใหม่,Bang Rakam,yom,0817,แม่น้ำยมส่วนที่ 4,Yom River Part 4,rainfall,16.74887,100.0903,พิษณุโลก,บางระกำ,91,91,100.0%,201901,202607
YOM008,บางระกำ,Yom 8,yom,0819,แม่น้ำยมตอนล่าง,Lower Yom River,rainfall,16.70818,100.17179,พิษณุโลก,บางระกำ,91,91,100.0%,201901,202607
DIV004,คลองผันน้ำยม-น่าน4,Yom-Nan4,yom,0819,แม่น้ำยมตอนล่าง,Lower Yom River,rainfall,16.67167,100.24581,พิษณุโลก,เมืองพิษณุโลก,91,91,100.0%,201901,202607
LGTI,อบต.บ้านแหง,Ban Haeng,yom,0806,น้ำแม่คำมี,Nam Mae Kham Mi,rainfall,18.76331,100.00877,ลำปาง,งาว,91,91,100.0%,201901,202607
RGKG,อบต.ร้องกวาง,Rong Kwang,yom,0808,แม่น้ำยมส่วนที่ 2,Yom River Part 2,rainfall,18.3588,100.3339,แพร่,ร้องกวาง,91,91,100.0%,201901,202607
TGLG,อบต.ทุ่งแล้ง,Thung Laeng,yom,0811,น้ำแม่ปาน,Nam Mae Pan,rainfall,17.97043,99.7466,แพร่,ลอง,91,91,100.0%,201901,202607
WCHN,อบต.วังชิ้น,Wang Chin,yom,0811,น้ำแม่ปาน,Nam Mae Pan,rainfall,17.87937,99.61921,แพร่,วังชิ้น,91,91,100.0%,201901,202607
SGMN,ศูนย์พัฒนาเด็กเล็ก อบต.สูงเม่น,Sung Men,yom,0809,น้ำแม่พุง,Nam Mae Phung,rainfall,18.06268,100.09529,แพร่,สูงเม่น,91,91,100.0%,201901,202607
YOM003,หนองม่วงไข่,Yom 3,yom,0807,น้ำแม่ต้า,Nam Mae Ta,rainfall,18.26591,100.17706,แพร่,หนองม่วงไข่,91,91,100.0%,201901,202607
VLGE36,ชุมชนห้วยไร่,Haui Rai Communuty,yom,0809,น้ำแม่พุง,Nam Mae Phung,rainfall,17.88574,100.04161,แพร่,เด่นชัย,91,91,100.0%,201901,202607
YOM004,เด่นชัย,Yom 4,yom,0809,น้ำแม่พุง,Nam Mae Phung,rainfall,18.0208,100.0588,แพร่,เด่นชัย,91,91,100.0%,201901,202607
YOM010,เมืองแพร่,Yom 10,yom,0809,น้ำแม่พุง,Nam Mae Phung,rainfall,18.13367,100.12458,แพร่,เมืองแพร่,91,91,100.0%,201901,202607
CHI005,ชนบท,,chi,,,,waterlevel,16.09691,102.56997,ขอนแก่น,ชนบท,91,91,100.0%,201901,202607
CHI003,เมืองชัยภูมิ,,chi,,,,waterlevel,15.68157,102.0095,ชัยภูมิ,เมืองชัยภูมิ,91,91,100.0%,201901,202607
CHI012,เมืองมหาสารคาม,,chi,,,,waterlevel,16.23231,103.27106,มหาสารคาม,เมืองมหาสารคาม,91,91,100.0%,201901,202607
WEI052,ท้ายฝายมหาสารคาม,,chi,,,,waterlevel,16.365969,102.94979,มหาสารคาม,โกสุมพิสัย,91,91,100.0%,201901,202607
WEI072,ท้ายฝายร้อยเอ็ด,,chi,,,,waterlevel,16.17222,103.78973,ร้อยเอ็ด,เชียงขวัญ,91,91,100.0%,201901,202607
WEI071,เหนือฝายร้อยเอ็ด,,chi,,,,waterlevel,16.172573,103.78899,ร้อยเอ็ด,เชียงขวัญ,91,91,100.0%,201901,202607
WEI092,ท้ายฝายธาตุน้อย,,chi,,,,waterlevel,15.310821,104.45699,อุบลราชธานี,เขื่องใน,91,91,100.0%,201901,202607
CHI011,เขื่องใน,,chi,,,,waterlevel,15.32248,104.54649,อุบลราชธานี,เขื่องใน,91,91,100.0%,201901,202607
PYO001,ท้ายกว๊านพะเยา,,khong-north,,,,waterlevel,19.15985,99.91412,พะเยา,เมืองพะเยา,91,91,100.0%,201901,202607
CHR005,เชียงแสน,,khong-north,,,,waterlevel,20.2197,100.12121,เชียงราย,เชียงแสน,91,91,100.0%,201901,202607
CHR002,เทิง,,khong-north,,,,waterlevel,19.68822,100.18758,เชียงราย,เทิง,91,91,100.0%,201901,202607
CHR001,เมืองเชียงราย,,khong-north,,,,waterlevel,19.82637,99.77892,เชียงราย,เมืองเชียงราย,91,91,100.0%,201901,202607
CHR003,แม่จัน,,khong-north,,,,waterlevel,20.15754,99.85966,เชียงราย,แม่จัน,91,91,100.0%,201901,202607
CHR004,แม่สรวย,,khong-north,,,,waterlevel,19.65265,99.5379,เชียงราย,แม่สรวย,91,91,100.0%,201901,202607
CHM003,แม่อาย,,khong-north,,,,waterlevel,20.06092,99.36204,เชียงใหม่,แม่อาย,91,91,100.0%,201901,202607
MUN002,เฉลิมพระเกียรติ,,mun,,,,waterlevel,14.968,102.23782,นครราชสีมา,เฉลิมพระเกียรติ,91,91,100.0%,201901,202607
MUN012,ประโคนชัย,,mun,,,,waterlevel,14.633034,103.23046,บุรีรัมย์,ประโคนชัย,91,91,100.0%,201901,202607
MUN005,ราษีไศล,,mun,,,,waterlevel,15.33953,104.15237,ศรีสะเกษ,ราษีไศล,91,91,100.0%,201901,202607
NAN001,ท่าวังผา,,nan,,,,waterlevel,19.09611,100.80258,น่าน,ท่าวังผา,91,91,100.0%,201901,202607
NAN002,ภูเพียง,,nan,,,,waterlevel,18.85971,100.8171,น่าน,ภูเพียง,91,91,100.0%,201901,202607
NAN003,เมืองน่าน,,nan,,,,waterlevel,18.73796,100.75609,น่าน,ภูเพียง,91,91,100.0%,201901,202607
NAN009,เวียงสา,,nan,,,,waterlevel,18.54992,100.76151,น่าน,เวียงสา,91,91,100.0%,201901,202607
NAN006,บางกระทุ่ม,,nan,,,,waterlevel,16.58046,100.23858,พิษณุโลก,บางกระทุ่ม,91,91,100.0%,201901,202607
VLGE12,สะพานนครป่าหมากร่วมใจ,,nan,,,,waterlevel,16.60887,100.36977,พิษณุโลก,บางกระทุ่ม,91,91,100.0%,201901,202607
NAN005,แม่น้ำเข็ก (ว้งทอง),,nan,,,,waterlevel,16.85502,100.66681,พิษณุโลก,วังทอง,91,91,100.0%,201901,202607
NAN012,เมืองพิษณุโลก,,nan,,,,waterlevel,16.86469,100.24476,พิษณุโลก,เมืองพิษณุโลก,91,91,100.0%,201901,202607
NAN014,ตรอน,,nan,,,,waterlevel,17.41834,100.13075,อุตรดิตถ์,ตรอน,91,91,100.0%,201901,202607
NAN010,น้ำปาด,,nan,,,,waterlevel,17.79087,100.74902,อุตรดิตถ์,น้ำปาด,91,91,100.0%,201901,202607
DIV003,คลองผันน้ำยม-น่าน3,,nan,,,,waterlevel,17.29251,100.07764,อุตรดิตถ์,พิชัย,91,91,100.0%,201901,202607
NAN004,พิชัย,,nan,,,,waterlevel,17.29433,100.08282,อุตรดิตถ์,พิชัย,91,91,100.0%,201901,202607
PAS001,หล่มสัก,,pa-sak,,,,waterlevel,16.78151,101.2467,เพชรบูรณ์,หล่มสัก,91,91,100.0%,201901,202607
PAS002,เมืองเพชรบูรณ์,,pa-sak,,,,waterlevel,16.44786,101.17017,เพชรบูรณ์,เมืองเพชรบูรณ์,91,91,100.0%,201901,202607
PIN001,บ้านตาก,,ping,,,,waterlevel,17.04066,99.06628,ตาก,บ้านตาก,91,91,100.0%,201901,202607
PIN002,เมืองตาก,,ping,,,,waterlevel,16.78657,99.18398,ตาก,วังเจ้า,91,91,100.0%,201901,202607
TBW008,ฝ่ายส่งน้ำและบำรุงรักษาที่ 2,,ping,,,,waterlevel,18.88353,99.08182,เชียงใหม่,สันทราย,91,91,100.0%,201901,202607
TB0006,สะพานโยธาอำนวยพัฒนา,,ping,,,,waterlevel,18.57391,98.86222,เชียงใหม่,สันป่าตอง,91,91,100.0%,201901,202607
CHM002,ฮอด,,ping,,,,waterlevel,18.17859,98.63017,เชียงใหม่,ฮอด,91,91,100.0%,201901,202607
CHM004,เชียงดาว,,ping,,,,waterlevel,19.36728,98.96884,เชียงใหม่,เชียงดาว,91,91,100.0%,201901,202607
CHM005,แม่แตง,,ping,,,,waterlevel,19.12207,98.94447,เชียงใหม่,แม่แตง,91,91,100.0%,201901,202607
WAN001,สามเงา,,wang,,,,waterlevel,17.26053,99.07797,ตาก,สามเงา,91,91,100.0%,201901,202607
WAN004,เกาะคา,,wang,,,,waterlevel,18.15915,99.38407,ลำปาง,เกาะคา,91,91,100.0%,201901,202607
WAN003,เถิน,,wang,,,,waterlevel,17.75171,99.23061,ลำปาง,เถิน,91,91,100.0%,201901,202607
TBW009,อ่างเก็บน้ำแม่เกี๋ยง,,wang,,,,waterlevel,18.43277,99.49828,ลำปาง,เมืองลำปาง,91,91,100.0%,201901,202607
WAN002,แม่พริก,,wang,,,,waterlevel,17.44521,99.12897,ลำปาง,แม่พริก,91,91,100.0%,201901,202607
VLGE13,ชุมแสงสงคราม,,yom,,,,waterlevel,16.8586,100.05965,พิษณุโลก,บางระกำ,91,91,100.0%,201901,202607
YOM008,บางระกำ,,yom,,,,waterlevel,16.70818,100.17179,พิษณุโลก,บางระกำ,91,91,100.0%,201901,202607
DIV004,คลองผันน้ำยม-น่าน4,,yom,,,,waterlevel,16.67167,100.24581,พิษณุโลก,เมืองพิษณุโลก,91,91,100.0%,201901,202607
YOM003,หนองม่วงไข่,,yom,,,,waterlevel,18.26591,100.17706,แพร่,หนองม่วงไข่,91,91,100.0%,201901,202607
YOM004,เด่นชัย,,yom,,,,waterlevel,18.0208,100.0588,แพร่,เด่นชัย,91,91,100.0%,201901,202607
YOM010,เมืองแพร่,,yom,,,,waterlevel,18.13367,100.12458,แพร่,เมืองแพร่,91,91,100.0%,201901,202607
