station_code,raw_station_code,station_id,station_name,province,amphoe,utok_id,basin_id,basin_name,group_id,group_name,zero_gauge_msl,bank_level_relative_m,bank_level_msl,warning_level_msl,critical_level_msl,ground_level,qmax
G.10,G.10,76,บ้านโป่งปูเฟือง,เชียงราย,แม่สรวย,1,3,ลุ่มน้ำกก,328,G.10 - G.8 ,433.4700012207031,3.5,436.97,436.47,436.97,433.4700012207031,215.17999267578125
G.12,G.12,695,บ้านใหม่ริมฝาง,เชียงใหม่,ฝาง,1,3,ลุ่มน้ำกก,1169,G.12,459.9800109863281,4.5,464.48,463.98,464.48,459.9800109863281,101.9000015258789
G.2A,G.2A,690,บ้านกกโท้ง,เชียงราย,เมืองเชียงราย,1,3,ลุ่มน้ำกก,1120,G.2A,388.0,4.5,392.5,392.0,392.5,388.0,615.0
G.8A,G.8A,74,บ้านต้นยาง,เชียงราย,เมืองเชียงราย,1,3,ลุ่มน้ำกก,328,G.10 - G.8 ,401.5,4.400000095367432,405.9,405.4,405.9,401.5,189.0
GT.10,Gt.10,451,บ้านหนองหญ้าปล้อง,ประจวบคีรีขันธ์,บางสะพาน,7,20,ลุ่มน้ำชายฝั่งทะเลตะวันตก,520,Gt.10 (คลองกรูด),22.399999618530273,6.5,28.9,28.4,28.9,22.399999618530273,280.0
GT.11,Gt.11,452,บ้านช้างแรก,ประจวบคีรีขันธ์,บางสะพานน้อย,7,20,ลุ่มน้ำชายฝั่งทะเลตะวันตก,705,Gt.11(คลองใหญ่),37.599998474121094,3.0,40.6,40.1,40.6,37.599998474121094,85.0
GT.20,Gt.20,453,สะพานรถยนต์ ร.ร.อนุบาลบางสะพาน,ประจวบคีรีขันธ์,บางสะพาน,7,20,ลุ่มน้ำชายฝั่งทะเลตะวันตก,1085,บางสะพาน,0.0,3.700000047683716,3.7,3.2,3.7,0.0,
GT.21,Gt.21,648,บ้านพงศ์ประศาสน์,ประจวบคีรีขันธ์,บางสะพาน,7,20,ลุ่มน้ำชายฝั่งทะเลตะวันตก,1085,บางสะพาน,-2.0,6.0,4.0,3.5,4.0,-2.0,
GT.7,Gt.7,449,บ้านวังยาว,ประจวบคีรีขันธ์,บางสะพาน,7,20,ลุ่มน้ำชายฝั่งทะเลตะวันตก,1085,บางสะพาน,11.800000190734863,7.5,19.3,18.8,19.3,11.800000190734863,825.0
GT.9,Gt.9,450,บ้านกลาง,ประจวบคีรีขันธ์,ทับสะแก,7,20,ลุ่มน้ำชายฝั่งทะเลตะวันตก,519,Gt.9(คลองทับสะแก),6.900000095367432,4.0,10.9,10.4,10.9,6.900000095367432,100.0
KY.3,Ky.3,466,บ้านทุ่งแฝก,ประจวบคีรีขันธ์,กุยบุรี,7,20,ลุ่มน้ำชายฝั่งทะเลตะวันตก,746,Ky.3 (กุยบุรี),19.799999237060547,4.400000095367432,24.2,23.7,24.2,19.799999237060547,340.0
PR.1,Pr.1,467,บ้านเขาน้อย,ประจวบคีรีขันธ์,ปราณบุรี,7,20,ลุ่มน้ำชายฝั่งทะเลตะวันตก,679,แม่น้ำปราณบุรี,-2.0,8.0,6.0,5.5,6.0,-2.0,
Z.10,Z.10,396,บ้านศรีบัวทอง,ตราด,เขาสมิง,6,18,ลุ่มน้ำชายฝั่งทะเลตะวันออก,695,แม่น้ำตราด,1.899999976158142,11.5,13.4,12.9,13.4,1.899999976158142,417.5
Z.11,Z.11,397,บ้านเขาวังไทร,ระยอง,แกลง,6,18,ลุ่มน้ำชายฝั่งทะเลตะวันออก,708,ระยอง,2.630000114440918,6.53000020980835,9.16,8.66,9.16,2.630000114440918,168.0
Z.13,Z.13,398,บ้านปึก,จันทบุรี,มะขาม,6,18,ลุ่มน้ำชายฝั่งทะเลตะวันออก,694,แม่น้ำจันทบุรี,6.300000190734863,6.019999980926514,12.32,11.82,12.32,6.300000190734863,226.39999389648438
Z.14,Z.14,399,บ้านฉมัน,จันทบุรี,มะขาม,6,18,ลุ่มน้ำชายฝั่งทะเลตะวันออก,694,แม่น้ำจันทบุรี,5.400000095367432,7.949999809265137,13.35,12.85,13.35,5.400000095367432,206.5
Z.21,Z.21,400,บ้านโป่งโรงเซ็น,จันทบุรี,มะขาม,6,18,ลุ่มน้ำชายฝั่งทะเลตะวันออก,694,แม่น้ำจันทบุรี,21.200000762939453,7.489999771118164,28.69,28.19,28.69,21.200000762939453,262.0
Z.28,Z.28,618,บ้านขุนซ่อง,จันทบุรี,แก่งหางแมว,6,18,ลุ่มน้ำชายฝั่งทะเลตะวันออก,693,คลองโตนด,32.599998474121094,6.489999771118164,39.09,38.59,39.09,32.599998474121094,65.18000030517578
Z.30,Z.30,402,บ้านหนองบัว,ตราด,เขาสมิง,6,18,ลุ่มน้ำชายฝั่งทะเลตะวันออก,1108, คลองสะตอ,9.199999809265137,10.220000267028809,19.42,18.92,19.42,9.199999809265137,211.0
Z.38,Z.38,403,บ้านเขาโบสถ์,ระยอง,เมืองระยอง,6,18,ลุ่มน้ำชายฝั่งทะเลตะวันออก,690,คลองทับมา,8.100000381469727,2.5,10.6,10.1,10.6,8.100000381469727,53.5
Z.45,Z.45,405,บ้านคอแล,ตราด,บ่อไร่,6,18,ลุ่มน้ำชายฝั่งทะเลตะวันออก,1110, คลองคอแล,28.450000762939453,5.550000190734863,34.0,33.5,34.0,28.450000762939453,134.5
Z.47A,Z.47A,680, บ้านคลองขวาง,ตราด,เมืองตราด,6,18,ลุ่มน้ำชายฝั่งทะเลตะวันออก,1111, คลองจันทิ,18.450000762939453,4.650000095367432,23.1,22.6,23.1,18.450000762939453,65.0
Z.57,Z.57,406,สะพานวัดจันทนาราม,จันทบุรี,เมืองจันทบุรี,6,18,ลุ่มน้ำชายฝั่งทะเลตะวันออก,694,แม่น้ำจันทบุรี,0.0,3.440000057220459,3.44,2.94,3.44,0.0,464.79998779296875
Z.58,Z.58,407,บ้านเขาสมิง,ตราด,เขาสมิง,6,18,ลุ่มน้ำชายฝั่งทะเลตะวันออก,695,แม่น้ำตราด,0.0,4.5,4.5,4.0,4.5,0.0,
Z.59,Z.59,408,บ้านบ่อไร่,ตราด,บ่อไร่,6,18,ลุ่มน้ำชายฝั่งทะเลตะวันออก,1112, คลองบ่อไร่,16.56999969482422,7.75,24.32,23.82,24.32,16.56999969482422,166.60000610351562
Z.62,Z.62,409,บ้านค่าย,ระยอง,บ้านค่าย,6,18,ลุ่มน้ำชายฝั่งทะเลตะวันออก,691,คลองใหญ่,3.369999885559082,6.849999904632568,10.22,9.72,10.22,3.369999885559082,144.89999389648438
Z.64,Z.64,622,บ้านท่าหลวง,จันทบุรี,มะขาม,6,18,ลุ่มน้ำชายฝั่งทะเลตะวันออก,694,แม่น้ำจันทบุรี,0.0,7.210000038146973,7.21,6.71,7.21,0.0,542.7000122070312
Z.65,Z.65,679,บ้านวังอีแอ่น,จันทบุรี,แก่งหางแมว,6,18,ลุ่มน้ำชายฝั่งทะเลตะวันออก,1101, คลองประแกต,42.349998474121094,3.6500000953674316,46.0,45.5,46.0,42.349998474121094,23.399999618530273
Z.66,Z.66,681,บ้านคลองพร้าว,ตราด,เกาะช้าง,6,18,ลุ่มน้ำชายฝั่งทะเลตะวันออก,1149,คลองพร้าว,0.0,6.059999942779541,6.06,5.56,6.06,0.0,600.2000122070312
E.100,E.100,667,บ้านหนองม่วง,ชัยภูมิ,หนองบัวระเหว,3,4,ลุ่มน้ำชี,1077,ลำเชียงทา,198.0,7.0,205.0,204.5,205.0,198.0,60.0
E.101,E.101,666,บ้านท่าบอน,ชัยภูมิ,หนองบัวระเหว,3,4,ลุ่มน้ำชี,1077,ลำเชียงทา,219.0,4.0,223.0,222.5,223.0,219.0,37.0
E.102,E.102,604,บ้านดอนยาง,ยโสธร,เมืองยโสธร,3,4,ลุ่มน้ำชี,650,ลุ่มน้ำยัง,118.6500015258789,9.5,128.15,127.65,128.15,118.6500015258789,
E.103,E.103,693,บ้านเดื่อ ต.กุดน้ำใส,ชัยภูมิ,จัตุรัส,3,4,ลุ่มน้ำชี,1153,ลำคันฉู,192.0,5.0,197.0,196.5,197.0,192.0,120.0
E.104,E.104,662,บ้านศรีสำราญ,ชัยภูมิ,คอนสวรรค์,3,4,ลุ่มน้ำชี,1070,ห้วยสามหมอ,167.0,5.300000190734863,172.3,171.8,172.3,167.0,73.0
E.105,E.105,645,บ้านจาน ,มหาสารคาม,เชียงยืน,3,4,ลุ่มน้ำชี,789,ลุ่มน้ำชีกลาง1,152.0,4.0,156.0,155.5,156.0,152.0,50.0
E.109,E.109,682,บ้านวังหมื่น,หนองบัวลำภู,เมืองหนองบัวลำภู,3,4,ลุ่มน้ำชี,1114,ลำพะเนียง,205.0,4.5,209.5,209.0,209.5,205.0,115.0
E.16A,E.16A,195,บ้านกุดกว้าง,ขอนแก่น,เมืองขอนแก่น,3,4,ลุ่มน้ำชี,745,ลุ่มน้ำชีกลาง,142.6999969482422,9.600000381469727,152.3,151.8,152.3,142.6999969482422,650.0
E.18,E.18,196,บ้านท่าสะแบง,ร้อยเอ็ด,ทุ่งเขาหลวง,3,4,ลุ่มน้ำชี,789,ลุ่มน้ำชีกลาง1,122.19999694824219,9.800000190734863,132.0,131.5,132.0,122.19999694824219,1050.0
E.20A,E.20A,197,บ้านฟ้าหยาด,ยโสธร,มหาชนะชัย,3,4,ลุ่มน้ำชี,651,ลุ่มน้ำชีตอนล่าง,112.0,10.0,122.0,121.5,122.0,112.0,1100.0
E.21,E.21,198,บ้านแก่งโก,ชัยภูมิ,เมืองชัยภูมิ,3,4,ลุ่มน้ำชี,563,ลุ่มน้ำชีตอนบน,163.0,11.5,174.5,174.0,174.5,163.0,450.0
E.22B,E.22B,199,บ้านท่าเม่า,ขอนแก่น,น้ำพอง,3,4,ลุ่มน้ำชี,1171,ลำน้ำพอง,150.89999389648438,10.0,160.9,160.4,160.9,150.89999389648438,430.0
E.23,E.23,200,บ้านค่าย,ชัยภูมิ,เมืองชัยภูมิ,3,4,ลุ่มน้ำชี,563,ลุ่มน้ำชีตอนบน,176.1999969482422,9.0,185.2,184.7,185.2,176.1999969482422,270.0
E.29A,E.29A,201,บ้านผานกเค้า,เลย,ภูกระดึง,3,4,ลุ่มน้ำชี,1171,ลำน้ำพอง,228.0,10.5,238.5,238.0,238.5,228.0,240.0
E.2A,E.2A,190,ประปายโสธร,ยโสธร,เมืองยโสธร,3,4,ลุ่มน้ำชี,651,ลุ่มน้ำชีตอนล่าง,114.0,12.0,126.0,125.5,126.0,114.0,1080.0
E.32A,E.32A,202,บ้านหนองอ้อ,ชัยภูมิ,บ้านเขว้า,3,4,ลุ่มน้ำชี,563,ลุ่มน้ำชีตอนบน,198.0,12.0,210.0,209.5,210.0,198.0,500.0
E.5,E.5,191,บ้านโนนเชือก,ชัยภูมิ,จัตุรัส,3,4,ลุ่มน้ำชี,563,ลุ่มน้ำชีตอนบน,185.0,11.5,196.5,196.0,196.5,185.0,570.0
E.54,E.54,203,บ้านแก่งยาว,กาฬสินธุ์,กุฉินารายณ์,3,4,ลุ่มน้ำชี,650,ลุ่มน้ำยัง,138.3000030517578,9.0,147.3,146.8,147.3,138.3000030517578,500.0
E.57A,E.57A,158,บ้านสมสนุก,กาฬสินธุ์,เขาวง,3,4,ลุ่มน้ำชี,650,ลุ่มน้ำยัง,172.39999389648438,6.0,178.4,177.9,178.4,172.39999389648438,290.0
E.64B,E.64B,159,บ้านวังสามหาบ,หนองบัวลำภู,นาวัง,3,4,ลุ่มน้ำชี,1114,ลำพะเนียง,261.0,5.5,266.5,266.0,266.5,261.0,50.0
E.65,E.65,204,บ้านท่าไฮ,อุดรธานี,ศรีธาตุ,3,4,ลุ่มน้ำชี,449,ลุ่มน้ำลำปาว,159.0,7.0,166.0,165.5,166.0,159.0,210.0
E.66A,E.66A,205,บ้านม่วงลาด,ร้อยเอ็ด,จังหาร,3,4,ลุ่มน้ำชี,789,ลุ่มน้ำชีกลาง1,126.9000015258789,11.600000381469727,138.5,138.0,138.5,126.9000015258789,710.0
E.67,E.67,562,บ้านท่างาม,กาฬสินธุ์,สามชัย,3,4,ลุ่มน้ำชี,449,ลุ่มน้ำลำปาว,158.8699951171875,12.5,171.37,170.87,171.37,158.8699951171875,420.0
E.68A,E.68A,568,บ้านข้องโป้,หนองบัวลำภู,เมืองหนองบัวลำภู,3,4,ลุ่มน้ำชี,1171,ลำน้ำพอง,194.6999969482422,5.199999809265137,199.9,199.4,199.9,194.6999969482422,130.0
E.6C,E.6C,192,บ้านตาดโตน,ชัยภูมิ,เมืองชัยภูมิ,3,4,ลุ่มน้ำชี,563,ลุ่มน้ำชีตอนบน,192.6999969482422,5.5,198.2,197.7,198.2,192.6999969482422,50.0
E.70,E.70,207,บ้านกุดก่วง,ร้อยเอ็ด,โพนทอง,3,4,ลุ่มน้ำชี,650,ลุ่มน้ำยัง,131.10000610351562,9.0,140.1,139.6,140.1,131.10000610351562,500.0
E.75,E.75,208,บ้านหนองม่วง,กาฬสินธุ์,เมืองกาฬสินธุ์,3,4,ลุ่มน้ำชี,449,ลุ่มน้ำลำปาว,137.0,7.5,144.5,144.0,144.5,137.0,350.0
E.76A,E.76A,162,บ้านโพน,กาฬสินธุ์,คำม่วง,3,4,ลุ่มน้ำชี,449,ลุ่มน้ำลำปาว,163.89999389648438,8.600000381469727,172.5,172.0,172.5,163.89999389648438,136.0
E.79A,E.79A,163,บ้านอีเลิศ,เลย,ภูกระดึง,3,4,ลุ่มน้ำชี,1278,ลำพองโก,246.3000030517578,7.5,253.8,253.3,253.8,246.3000030517578,149.0
E.85,E.85,209,บ้านโนนหัน,ขอนแก่น,ชุมแพ,3,4,ลุ่มน้ำชี,664,ลุ่มน้ำเชิญ,224.8000030517578,5.199999809265137,230.0,229.5,230.0,224.8000030517578,70.0
E.87,E.87,210,บ้านวังหิน,กาฬสินธุ์,กมลาไสย,3,4,ลุ่มน้ำชี,449,ลุ่มน้ำลำปาว,128.89999389648438,8.5,137.4,136.9,137.4,128.89999389648438,280.0
E.88,E.88,563,บ้านดงสวรรค์,กาฬสินธุ์,ท่าคันโท,3,4,ลุ่มน้ำชี,449,ลุ่มน้ำลำปาว,163.05999755859375,4.5,167.56,167.06,167.56,163.05999755859375,90.0
E.89,E.89,564,บ้านหนองริวหนัง,กาฬสินธุ์,หนองกุงศรี,3,4,ลุ่มน้ำชี,449,ลุ่มน้ำลำปาว,170.60000610351562,5.5,176.1,175.6,176.1,170.60000610351562,60.0
E.8A,E.8A,193,บ้านดินดำ,มหาสารคาม,เมืองมหาสารคาม,3,4,ลุ่มน้ำชี,745,ลุ่มน้ำชีกลาง,133.1999969482422,9.5,142.7,142.2,142.7,133.1999969482422,730.0
E.9,E.9,194,บ้านท่านางเลื่อน,ขอนแก่น,ชนบท,3,4,ลุ่มน้ำชี,745,ลุ่มน้ำชีกลาง,151.10000610351562,11.0,162.1,161.6,162.1,151.10000610351562,480.0
E.90,E.90,567,เนินยางใต้,กาฬสินธุ์,คำม่วง,3,4,ลุ่มน้ำชี,449,ลุ่มน้ำลำปาว,160.60000610351562,6.5,167.1,166.6,167.1,160.60000610351562,110.0
E.91,E.91,211,บ้านดอนขนวน,มหาสารคาม,โกสุมพิสัย,3,4,ลุ่มน้ำชี,745,ลุ่มน้ำชีกลาง,138.0,11.699999809265137,149.7,149.2,149.7,138.0,820.0
E.92,E.92,212,บ้านท่างาม,ร้อยเอ็ด,เสลภูมิ,3,4,ลุ่มน้ำชี,650,ลุ่มน้ำยัง,124.5,8.800000190734863,133.3,132.8,133.3,124.5,220.0
E.93,E.93,169,บ้านยาง,ชัยภูมิ,เกษตรสมบูรณ์,3,4,ลุ่มน้ำชี,714,ลุ่มน้ำพรม,225.5,5.599999904632568,231.1,230.6,231.1,225.5,150.0
E.95A,E.95A,213,บ้านธวัชดินแดง,ร้อยเอ็ด,ธวัชบุรี,3,4,ลุ่มน้ำชี,651,ลุ่มน้ำชีตอนล่าง,123.5999984741211,8.5,132.1,131.6,132.1,123.5999984741211,950.0
E.97,E.97,214,บ้านดอนขยอม,ยโสธร,คำเขื่อนแก้ว,3,4,ลุ่มน้ำชี,651,ลุ่มน้ำชีตอนล่าง,113.0,12.5,125.5,125.0,125.5,113.0,1200.0
X.112,X.112,480,บ้านตะเคียนเภา,สงขลา,สะเดา,8,23,ลุ่มน้ำทะเลสาบสงขลา,1250,คลองอู่ตะเภา (บน) จ.สงขลา,,25.049999237060547,25.05,24.55,25.05,,85.0
X.113,X.113,481,บ้านทุ่งปราบ,สงขลา,สะเดา,8,23,ลุ่มน้ำทะเลสาบสงขลา,1250,คลองอู่ตะเภา (บน) จ.สงขลา,,36.47999954223633,36.48,35.98,36.48,,104.5999984741211
X.170,X.170,485,บ้านคลองลำ,พัทลุง,ศรีนครินทร์,8,23,ลุ่มน้ำทะเลสาบสงขลา,1270,คลองลำ (ตอนบน) จ.พัทลุง,,25.200000762939453,25.2,24.7,25.2,,348.0
X.173A,X.173A,486,บ้านม่วงก็อง,สงขลา,สะเดา,8,23,ลุ่มน้ำทะเลสาบสงขลา,1250,คลองอู่ตะเภา (บน) จ.สงขลา,,16.1299991607666,16.13,15.63,16.13,,272.8999938964844
X.174,X.174,517,บ้านคลองหวะ,สงขลา,หาดใหญ่,8,23,ลุ่มน้ำทะเลสาบสงขลา,310,คลองหวะ จ.สงขลา,,8.880000114440918,,,,,190.10000610351562
X.181,X.181,701,คลองอู่ตะเภา,สงขลา,บางกล่ำ,8,23,ลุ่มน้ำทะเลสาบสงขลา,1269,คลองอู่ตะเภา (ล่าง) จ.สงขลา,,5.0,,,,,
X.240,X.240,594,บ้านหูแร่,สงขลา,หาดใหญ่,8,23,ลุ่มน้ำทะเลสาบสงขลา,1258,คลองวาด  จ.สงขลา,,23.100000381469727,23.1,22.6,23.1,,84.5
X.265,X.265,503,หน้าวัดภูผาพิมุข,พัทลุง,เมืองพัทลุง,8,23,ลุ่มน้ำทะเลสาบสงขลา,1215,คลองลำ (ตอนล่าง) จ.พัทลุง,,8.0,,,,,
X.276,X.276,506,บ้านเขาปู่,พัทลุง,ศรีบรรพต,8,23,ลุ่มน้ำทะเลสาบสงขลา,1209,คลองท่าแนะ (ตอนบน) จ.พัทลุง,,53.900001525878906,53.9,53.4,53.9,,63.25
X.277,X.277,550,บ้านพิกุลทอง,พัทลุง,ควนขนุน,8,23,ลุ่มน้ำทะเลสาบสงขลา,1210,คลองท่าแนะ (ตอนล่าง) จ.พัทลุง,,20.899999618530273,20.9,20.4,20.9,,
X.292,X.292,669,หน้าวัดห้วยหลาด ,สงขลา,รัตภูมิ,8,23,ลุ่มน้ำทะเลสาบสงขลา,1080,คลองรัตภูมิ จ.สงขลา,,24.459999084472656,24.46,23.96,24.46,,
X.298,X.298,703,คลองลำ,พัทลุง,ศรีนครินทร์,8,23,ลุ่มน้ำทะเลสาบสงขลา,1270,คลองลำ (ตอนบน) จ.พัทลุง,,32.529998779296875,32.53,32.03,32.53,,
X.299,X.299,696,สะพานถนนศรีภูวนารถ,สงขลา,หาดใหญ่,8,23,ลุ่มน้ำทะเลสาบสงขลา,1259,คลอง ร.1 จ.สงขลา,,8.0,,,,,
X.44,X.44,469,บ้านหาดใหญ่ใน,สงขลา,หาดใหญ่,8,23,ลุ่มน้ำทะเลสาบสงขลา,1269,คลองอู่ตะเภา (ล่าง) จ.สงขลา,,7.150000095367432,,,,,481.0
X.67A,X.67A,474,บ้านนาสีทอง,สงขลา,รัตภูมิ,8,23,ลุ่มน้ำทะเลสาบสงขลา,1080,คลองรัตภูมิ จ.สงขลา,,39.91999816894531,39.92,39.42,39.92,,289.6000061035156
X.68,X.68,475,บ้านท่าแค,พัทลุง,เมืองพัทลุง,8,23,ลุ่มน้ำทะเลสาบสงขลา,1215,คลองลำ (ตอนล่าง) จ.พัทลุง,,15.600000381469727,15.6,15.1,15.6,,60.0
X.71B,X.71B,477,บ้านควนลัง,สงขลา,หาดใหญ่,8,23,ลุ่มน้ำทะเลสาบสงขลา,1257,คลองต่ำ จ.สงขลา,,8.399999618530273,,,,,
X.90,X.90,478,บ้านบางศาลา,สงขลา,คลองหอยโข่ง,8,23,ลุ่มน้ำทะเลสาบสงขลา,1269,คลองอู่ตะเภา (ล่าง) จ.สงขลา,,9.34000015258789,,,,,777.7999877929688
T.1,T.1,454,ที่ว่าการอ.นครชัยศรี,นครปฐม,นครชัยศรี,7,13,ลุ่มน้ำท่าจีน,571,ลุ่มน้ำท่าจีน,-9.699999809265137,11.199999809265137,1.5,1.0,1.5,-9.699999809265137,
T.10,T.10,455,บ้านวัดพระรูป,สุพรรณบุรี,เมืองสุพรรณบุรี,7,13,ลุ่มน้ำท่าจีน,571,ลุ่มน้ำท่าจีน,-2.5,6.0,3.5,3.0,3.5,-2.5,
T.13,T.13,456,บ้านบางการ้อง,สุพรรณบุรี,สองพี่น้อง,7,13,ลุ่มน้ำท่าจีน,571,ลุ่มน้ำท่าจีน,-4.0,6.400000095367432,2.4,1.9,2.4,-4.0,
T.14,T.14,457,ร.ร.บ้านสามพราน,นครปฐม,สามพราน,7,13,ลุ่มน้ำท่าจีน,571,ลุ่มน้ำท่าจีน,-8.800000190734863,10.300000190734863,1.5,1.0,1.5,-8.800000190734863,
T.15,T.15,458,วัดบางไผ่นารถ,นครปฐม,บางเลน,7,13,ลุ่มน้ำท่าจีน,571,ลุ่มน้ำท่าจีน,-6.0,7.800000190734863,1.8,1.3,1.8,-6.0,
N.1,N.1,70,หน้าสำนักงานป่าไม้,น่าน,เมืองน่าน,1,9,ลุ่มน้ำน่าน,412,N.64 - N.1,192.1999969482422,7.0,199.2,198.7,199.2,192.1999969482422,1066.0
N.12A,N.12A,147,บ้านหาดไผ่,อุตรดิตถ์,ท่าปลา,2,9,ลุ่มน้ำน่าน,523,N.12A-N.2B-N.60-N.27A (ท้ายเขื่อนสิริกิติ์),69.0,12.460000038146973,81.46,80.96,81.46,69.0,3000.0
N.13A,N.13A,22,บ้านบุญนาค,น่าน,เวียงสา,1,9,ลุ่มน้ำน่าน,411,N.13A - N.75,177.39999389648438,6.5,183.9,183.4,183.9,177.39999389648438,1217.0
N.22A,N.22A,101,บ้านท่างาม,พิษณุโลก,วัดโบสถ์,2,9,ลุ่มน้ำน่าน,1283,N.27A-N.36-N.55-N.81-N.22A-N.5A-N.24A-N.90-N.43A,41.630001068115234,7.53000020980835,49.16,48.66,49.16,41.630001068115234,408.0
N.24A,N.24A,102,บ้านวังนกแอ่น,พิษณุโลก,วังทอง,2,9,ลุ่มน้ำน่าน,1283,N.27A-N.36-N.55-N.81-N.22A-N.5A-N.24A-N.90-N.43A,40.709999084472656,11.5,52.21,51.71,52.21,40.709999084472656,328.79998779296875
N.27A,N.27A,104,ท้ายเขื่อนนเรศวร,พิษณุโลก,พรหมพิราม,2,9,ลุ่มน้ำน่าน,523,N.12A-N.2B-N.60-N.27A (ท้ายเขื่อนสิริกิติ์),38.43000030517578,9.800000190734863,48.23,47.73,48.23,38.43000030517578,1116.0
N.2B,N.2B,145,ต.ในเมือง,อุตรดิตถ์,เมืองอุตรดิตถ์,2,9,ลุ่มน้ำน่าน,523,N.12A-N.2B-N.60-N.27A (ท้ายเขื่อนสิริกิติ์),52.29999923706055,7.0,59.3,58.8,59.3,52.29999923706055,1910.0
N.36,N.36,150,บ้านหนองกระท้าว,พิษณุโลก,นครไทย,2,9,ลุ่มน้ำน่าน,1283,N.27A-N.36-N.55-N.81-N.22A-N.5A-N.24A-N.90-N.43A,191.8800048828125,8.5,200.38,199.88,200.38,191.8800048828125,112.19999694824219
N.39,N.39,106,บ้านฟากท่า,อุตรดิตถ์,ฟากท่า,2,9,ลุ่มน้ำน่าน,1147,N.39 - N.84 (ลำน้ำปาด),209.0500030517578,5.0,214.05,213.55,214.05,209.0500030517578,
N.43A,N.43A,151,บ้านชมพู,พิษณุโลก,เนินมะปราง,2,9,ลุ่มน้ำน่าน,1283,N.27A-N.36-N.55-N.81-N.22A-N.5A-N.24A-N.90-N.43A,50.060001373291016,9.65999984741211,59.72,59.22,59.72,50.060001373291016,280.3999938964844
N.49,N.49,71,บ้านน้ำยาว,น่าน,ปัว,1,9,ลุ่มน้ำน่าน,394,N.49 - N..65,263.9800109863281,4.5,268.48,267.98,268.48,263.9800109863281,331.5
N.54,N.54,109,บ้านวังโป่ง,เพชรบูรณ์,วังโป่ง,2,9,ลุ่มน้ำน่าน,1284,N.73-N.24A-N.90-N.43A-N.54 (ลำน้ำสาขา แม่น้ำน่านตอนล่างฝั่งซ้าย),104.3499984741211,5.079999923706055,109.43,108.93,109.43,104.3499984741211,300.0
N.55,N.55,152,บ้านท่าสะแก,พิษณุโลก,ชาติตระการ,2,9,ลุ่มน้ำน่าน,1283,N.27A-N.36-N.55-N.81-N.22A-N.5A-N.24A-N.90-N.43A,182.8300018310547,8.369999885559082,191.2,190.7,191.2,182.8300018310547,297.0
N.5A,N.5A,97,สะพานสุพรรณกัลยา ,พิษณุโลก,เมืองพิษณุโลก,2,9,ลุ่มน้ำน่าน,1143,N.12A-N.2B-N.60-N.27A-N.5A-N.7A-N.8B-N.67   (แม่น้ำน่าน),34.5,10.369999885559082,44.87,44.37,44.87,34.5,1365.0
N.60,N.60,112,บ้านเด่นสำโรง,อุตรดิตถ์,ตรอน,2,9,ลุ่มน้ำน่าน,523,N.12A-N.2B-N.60-N.27A (ท้ายเขื่อนสิริกิติ์),48.5,8.0,56.5,56.0,56.5,48.5,1305.0
N.64,N.64,72,บ้านผาขวาง,น่าน,เมืองน่าน,1,9,ลุ่มน้ำน่าน,412,N.64 - N.1,210.89999389648438,9.5,220.4,219.9,220.4,210.89999389648438,1028.0
N.65,N.65,73,บ้านปางสา,น่าน,ท่าวังผา,1,9,ลุ่มน้ำน่าน,394,N.49 - N..65,248.88999938964844,5.0,253.89,253.39,253.89,248.88999938964844,210.39999389648438
N.67,N.67,345,วัดเกยไชยเหนือ,นครสวรรค์,ชุมแสง,2,9,ลุ่มน้ำน่าน,1143,N.12A-N.2B-N.60-N.27A-N.5A-N.7A-N.8B-N.67   (แม่น้ำน่าน),,28.209999084472656,28.21,27.71,28.21,,1435.0
N.73,N.73,154,บ้านทานตะวัน,เพชรบูรณ์,เขาค้อ,2,9,ลุ่มน้ำน่าน,1284,N.73-N.24A-N.90-N.43A-N.54 (ลำน้ำสาขา แม่น้ำน่านตอนล่างฝั่งซ้าย),684.530029296875,9.210000038146973,693.74,693.24,693.74,684.530029296875,184.0
N.75,N.75,24,สะพานท่าลี่,น่าน,เวียงสา,1,9,ลุ่มน้ำน่าน,411,N.13A - N.75,182.8000030517578,10.0,192.8,192.3,192.8,182.8000030517578,745.0499877929688
N.7A,N.7A,98,บ้านราชช้างขวัญ,พิจิตร,เมืองพิจิตร,2,9,ลุ่มน้ำน่าน,1143,N.12A-N.2B-N.60-N.27A-N.5A-N.7A-N.8B-N.67   (แม่น้ำน่าน),26.0,9.869999885559082,35.87,35.37,35.87,26.0,997.0
N.81,N.81,155,บ้านแก่งบัวคำ,พิษณุโลก,ชาติตระการ,2,9,ลุ่มน้ำน่าน,1283,N.27A-N.36-N.55-N.81-N.22A-N.5A-N.24A-N.90-N.43A,160.25999450683594,6.820000171661377,167.08,166.58,167.08,160.25999450683594,602.0
N.84,N.84,123,ต.น้ำปาด,อุตรดิตถ์,น้ำปาด,2,9,ลุ่มน้ำน่าน,1147,N.39 - N.84 (ลำน้ำปาด),136.1999969482422,5.300000190734863,141.5,141.0,141.5,136.1999969482422,285.0
N.89,N.89,643,ต.หาดงิ้ว,อุตรดิตถ์,เมืองอุตรดิตถ์,2,9,ลุ่มน้ำน่าน,1167,N.89 (คลองสอง),68.62000274658203,5.869999885559082,74.49,73.99,74.49,68.62000274658203,
N.8B,N.8B,654,บางมูลนาก,พิจิตร,บางมูลนาก,2,9,ลุ่มน้ำน่าน,1143,N.12A-N.2B-N.60-N.27A-N.5A-N.7A-N.8B-N.67   (แม่น้ำน่าน),15.140000343322754,15.449999809265137,30.59,30.09,30.59,15.140000343322754,1228.0
N.90,N.90,103,น้ำเข็ก,พิษณุโลก,วังทอง,2,9,ลุ่มน้ำน่าน,1283,N.27A-N.36-N.55-N.81-N.22A-N.5A-N.24A-N.90-N.43A,39.709999084472656,8.75,48.46,47.96,48.46,39.709999084472656,192.4199981689453
KGT.1,Kgt.1,612,สะพานณรงค์ดำริ,ปราจีนบุรี,เมืองปราจีนบุรี,6,16,ลุ่มน้ำบางปะกง,718,ปราจีนบุรี,0.0,4.130000114440918,4.13,3.63,4.13,0.0,698.0
KGT.10,Kgt.10,385,บ้านเนินผาสุก,สระแก้ว,เมืองสระแก้ว,6,16,ลุ่มน้ำบางปะกง,683,คลองพระสทึง,24.0,11.0,35.0,34.5,35.0,24.0,300.0
KGT.12A,Kgt.12A,386,บ้านแก้ง,สระแก้ว,เมืองสระแก้ว,6,16,ลุ่มน้ำบางปะกง,1158,คลองพระปรง,12.430000305175781,8.569999694824219,21.0,20.5,21.0,12.430000305175781,116.0
KGT.13A,Kgt.13A,363,บ้านโนนสุขภูมิ,ปราจีนบุรี,กบินทร์บุรี,6,16,ลุ่มน้ำบางปะกง,1158,คลองพระปรง,0.0,16.170000076293945,16.17,15.67,16.17,0.0,341.79998779296875
KGT.14A,Kgt.14A,387,บ้านทุ่งแฝก,ปราจีนบุรี,นาดี,6,16,ลุ่มน้ำบางปะกง,685,แควหนุมาน,34.34000015258789,5.070000171661377,39.41,38.91,39.41,34.34000015258789,114.4000015258789
KGT.15B,Kgt.15B,388,บ้านแก่งดินสอ,ปราจีนบุรี,นาดี,6,16,ลุ่มน้ำบางปะกง,685,แควหนุมาน,12.369999885559082,7.840000152587891,20.21,19.71,20.21,12.369999885559082,188.6999969482422
KGT.19A,Kgt.19A,365,บ้านท่าบุญมี,ชลบุรี,เกาะจันทร์,6,16,ลุ่มน้ำบางปะกง,688,คลองหลวง,13.569999694824219,4.800000190734863,18.37,17.87,18.37,13.569999694824219,83.94999694824219
KGT.3,Kgt.3,362,สะพานต้นน้ำบางปะกง,ปราจีนบุรี,กบินทร์บุรี,6,16,ลุ่มน้ำบางปะกง,718,ปราจีนบุรี,0.0,8.789999961853027,8.79,8.29,8.79,0.0,543.9000244140625
KGT.30,Kgt.30,389,สะพานหน้าสถานีดับเพลิงจังหวัด,ฉะเชิงเทรา,เมืองฉะเชิงเทรา,6,16,ลุ่มน้ำบางปะกง,689,แม่น้ำบางปะกง,0.0,1.7000000476837158,1.7,1.2,1.7,0.0,
KGT.33,Kgt.33,390,บ้านหนองแหน,ปราจีนบุรี,นาดี,6,16,ลุ่มน้ำบางปะกง,1151,แควน้ำใส,3.4000000953674316,9.600000381469727,13.0,12.5,13.0,3.4000000953674316,277.0
KGT.34,Kgt.34,366,บ้านชะอม,ปราจีนบุรี,นาดี,6,16,ลุ่มน้ำบางปะกง,685,แควหนุมาน,3.559999942779541,7.559999942779541,11.12,10.62,11.12,3.559999942779541,423.6000061035156
KGT.38,Kgt.38,367,บ้านภูเงิน,สระแก้ว,เขาฉกรรจ์,6,16,ลุ่มน้ำบางปะกง,1103, คลองพระเพลิงใหญ่,0.0,7.679999828338623,7.68,7.18,7.68,0.0,270.20001220703125
KGT.40,Kgt.40,368,บ้านวังเจริญ,สระแก้ว,วังสมบูรณ์,6,16,ลุ่มน้ำบางปะกง,1104, คลองพระสทึง,77.0,9.109999656677246,86.11,85.61,86.11,77.0,655.4000244140625
KGT.42,Kgt.42,391,บ้านท่าระพา,สระแก้ว,เมืองสระแก้ว,6,16,ลุ่มน้ำบางปะกง,1104, คลองพระสทึง,14.5,11.3100004196167,25.81,25.31,25.81,14.5,513.7999877929688
KGT.43A,Kgt.43A,392,บ้านนาแขม,ปราจีนบุรี,กบินทร์บุรี,6,16,ลุ่มน้ำบางปะกง,685,แควหนุมาน,2.069999933242798,10.149999618530273,12.22,11.72,12.22,2.069999933242798,542.7999877929688
KGT.47,Kgt.47,369,บ้านด่านชัยพัฒนา,สระแก้ว,วังน้ำเย็น,6,16,ลุ่มน้ำบางปะกง,1104, คลองพระสทึง,52.0,11.770000457763672,63.77,63.27,63.77,52.0,463.8999938964844
KGT.51,Kgt.51,395,บ้านประจันตคาม,ปราจีนบุรี,ประจันตคาม,6,16,ลุ่มน้ำบางปะกง,1105, คลองประจันตคาม,0.0,12.579999923706055,12.58,12.08,12.58,0.0,
KGT.6,Kgt.6,383,บ้านทาม,ปราจีนบุรี,ศรีมหาโพธิ,6,16,ลุ่มน้ำบางปะกง,718,ปราจีนบุรี,0.0,6.610000133514404,6.61,6.11,6.61,0.0,
KGT.9,Kgt.9,384,บ้านเขาฉกรรจ์,สระแก้ว,เขาฉกรรจ์,6,16,ลุ่มน้ำบางปะกง,683,คลองพระสทึง,39.56999969482422,10.0,49.57,49.07,49.57,39.56999969482422,522.0
NY.1B,Ny.1B,380,บ้านเขานางบวช,นครนายก,เมืองนครนายก,6,16,ลุ่มน้ำบางปะกง,686,แม่น้ำนครนายก,0.0,8.8100004196167,8.81,8.31,8.81,0.0,266.8999938964844
NY.3,Ny.3,410,บ้านป่าขะ,นครนายก,บ้านนา,6,16,ลุ่มน้ำบางปะกง,687,คลองบ้านนา,5.099999904632568,6.260000228881836,11.36,10.86,11.36,5.099999904632568,71.80000305175781
NY.6,Ny.6,381,บ้านชะอม,สระบุรี,แก่งคอย,6,16,ลุ่มน้ำบางปะกง,1106, คลองบ้านนา,28.850000381469727,3.759999990463257,32.61,32.11,32.61,28.850000381469727,116.69999694824219
NY.7,Ny.7,412,สะพานหน้าจวนผู้ว่าฯ,นครนายก,เมืองนครนายก,6,16,ลุ่มน้ำบางปะกง,686,แม่น้ำนครนายก,1.6399999856948853,6.559999942779541,8.2,7.7,8.2,1.6399999856948853,
P.1,P.1,33,สะพานนวรัฐ,เชียงใหม่,เมืองเชียงใหม่,1,6,ลุ่มน้ำปิง,404,P.67 - P.1,300.5,3.700000047683716,304.2,303.7,304.2,300.5,425.0
P.103,P.103,6,สะพานวงแหวนรอบ 3,เชียงใหม่,เมืองเชียงใหม่,1,6,ลุ่มน้ำปิง,403,P.75 - P.103,300.8900146484375,6.800000190734863,307.69,307.19,307.69,300.8900146484375,475.79998779296875
P.12C,P.12C,136,บ้านย่านรี,ตาก,สามเงา,2,6,ลุ่มน้ำปิง,795,P.12C-P.2A-P.7A-P.15-P.16 (แม่น้ำปิง),129.0,5.440000057220459,134.44,133.94,134.44,129.0,1660.0
P.15,P.15,79,หน้าวัดศรีภิรมย์,กำแพงเพชร,คลองขลุง,2,6,ลุ่มน้ำปิง,795,P.12C-P.2A-P.7A-P.15-P.16 (แม่น้ำปิง),51.54999923706055,6.099999904632568,57.65,57.15,57.65,51.54999923706055,2850.0
P.16,P.16,137,บ้านแสนตอ,กำแพงเพชร,ขาณุวรลักษบุรี,2,6,ลุ่มน้ำปิง,795,P.12C-P.2A-P.7A-P.15-P.16 (แม่น้ำปิง),39.779998779296875,6.670000076293945,46.45,45.95,46.45,39.779998779296875,2862.0
P.20,P.20,37,บ้านเชียงดาว,เชียงใหม่,เชียงดาว,1,6,ลุ่มน้ำปิง,1098,น้ำปิง 1,379.8999938964844,2.799999952316284,382.7,382.2,382.7,379.8999938964844,276.0
P.21,P.21,38,บ้านริมใต้,เชียงใหม่,แม่ริม,1,6,ลุ่มน้ำปิง,1098,น้ำปิง 1,319.70001220703125,3.799999952316284,323.5,323.0,323.5,319.70001220703125,50.650001525878906
P.26B,P.26B,80,คลองสวนหมาก,กำแพงเพชร,คลองลาน,2,6,ลุ่มน้ำปิง,765,P.50A-P.47-P.26B-P.78 (ลำน้ำสาขา),84.11000061035156,5.0,89.11,88.61,89.11,84.11000061035156,336.0
P.2A,P.2A,134,บ้านท่าแค,ตาก,เมืองตาก,2,6,ลุ่มน้ำปิง,795,P.12C-P.2A-P.7A-P.15-P.16 (แม่น้ำปิง),104.0,5.78000020980835,109.78,109.28,109.78,104.0,2600.0
P.47A,P.47A,81,บ้านโป่งน้ำร้อน,กำแพงเพชร,คลองลาน,2,6,ลุ่มน้ำปิง,765,P.50A-P.47-P.26B-P.78 (ลำน้ำสาขา),118.19999694824219,4.869999885559082,123.07,122.57,123.07,118.19999694824219,
P.4A,P.4A,34,บ้านแม่แตง,เชียงใหม่,แม่แตง,1,6,ลุ่มน้ำปิง,1098,น้ำปิง 1,334.0,3.799999952316284,337.8,337.3,337.8,334.0,374.0
P.5,P.5,35,สะพานท่านาง,ลำพูน,เมืองลำพูน,1,6,ลุ่มน้ำปิง,372,P.81 - P.5,288.5,5.0,293.5,293.0,293.5,288.5,116.5
P.50A,P.50A,138,คลองวังเจ้า,กำแพงเพชร,โกสัมพีนคร,2,6,ลุ่มน้ำปิง,765,P.50A-P.47-P.26B-P.78 (ลำน้ำสาขา),104.36000061035156,3.700000047683716,108.06,107.56,108.06,104.36000061035156,122.0
P.67,P.67,40,บ้านแม่แต,เชียงใหม่,สันทราย,1,6,ลุ่มน้ำปิง,404,P.67 - P.1,315.92999267578125,3.0,318.93,318.43,318.93,315.92999267578125,380.20001220703125
P.71A,P.71A,41,บ้านกลาง,เชียงใหม่,สันป่าตอง,1,6,ลุ่มน้ำปิง,1173,P.71A,283.2900085449219,5.0,288.29,287.79,288.29,283.2900085449219,129.67999267578125
P.75,P.75,44,บ้านช่อแล,เชียงใหม่,แม่แตง,1,6,ลุ่มน้ำปิง,403,P.75 - P.103,337.6000061035156,3.700000047683716,341.3,340.8,341.3,337.6000061035156,210.0
P.76,P.76,45,บ้านแม่อีไฮ,ลำพูน,ลี้,1,6,ลุ่มน้ำปิง,371,P.76 - P.85,363.6199951171875,5.400000095367432,369.02,368.52,369.02,363.6199951171875,252.0
P.77,P.77,46,บ้านสบแม่สะป๊วด,ลำพูน,แม่ทา,1,6,ลุ่มน้ำปิง,370,P.77 - P.87,364.95001220703125,4.0,368.95,368.45,368.95,364.95001220703125,111.62999725341797
P.78,P.78,84,บ้านสามเรือน,กำแพงเพชร,คลองขลุง,2,6,ลุ่มน้ำปิง,765,P.50A-P.47-P.26B-P.78 (ลำน้ำสาขา),65.18000030517578,6.289999961853027,71.47,70.97,71.47,65.18000030517578,236.0
P.7A,P.7A,135,ต.ในเมือง,กำแพงเพชร,เมืองกำแพงเพชร,2,6,ลุ่มน้ำปิง,795,P.12C-P.2A-P.7A-P.15-P.16 (แม่น้ำปิง),71.7300033569336,5.340000152587891,77.07,76.57,77.07,71.7300033569336,3000.0
P.81,P.81,49,บ้านโป่ง,เชียงใหม่,สันกำแพง,1,6,ลุ่มน้ำปิง,372,P.81 - P.5,289.9200134277344,5.800000190734863,295.72,295.22,295.72,289.9200134277344,102.12000274658203
P.82,P.82,50,บ้านสบวิน,เชียงใหม่,แม่วาง,1,6,ลุ่มน้ำปิง,369,P.82 - P.84,400.20001220703125,3.799999952316284,404.0,403.5,404.0,400.20001220703125,142.3000030517578
P.84,P.84,51,บ้านพันตน,เชียงใหม่,แม่วาง,1,6,ลุ่มน้ำปิง,369,P.82 - P.84,303.239990234375,4.0,307.24,306.74,307.24,303.239990234375,85.0
P.85,P.85,52,บ้านหล่ายแก้ว,ลำพูน,บ้านโฮ่ง,1,6,ลุ่มน้ำปิง,371,P.76 - P.85,290.3699951171875,3.5,293.87,293.37,293.87,290.3699951171875,297.70001220703125
P.87,P.87,54,บ้านป่าซาง,ลำพูน,ป่าซาง,1,6,ลุ่มน้ำปิง,370,P.77 - P.87,288.95001220703125,4.099999904632568,293.05,292.55,293.05,288.95001220703125,104.37999725341797
P.92,P.92,56,บ้านเมืองกึ๊ด,เชียงใหม่,แม่แตง,1,6,ลุ่มน้ำปิง,1098,น้ำปิง 1,440.6400146484375,3.5,444.14,443.64,444.14,440.6400146484375,331.25
S.14,S.14,352,บ้านท่ารวก,ลพบุรี,ชัยบาดาล,5,12,ลุ่มน้ำป่าสัก,572,1.ป่าสัก (เหนือเขื่อนป่าสักชลสิทธิ์)),,62.0,62.0,61.5,62.0,,204.0
S.26,S.26,353,ท้ายเขื่อนพระรามหก,พระนครศรีอยุธยา,ท่าเรือ,5,12,ลุ่มน้ำป่าสัก,704,3.ป่าสักตอนล่าง (ท้ายเขื่อนพระรามหก),,7.199999809265137,,,,,633.0
S.28,S.28,354,ท้ายเขื่อนป่าสักชลสิทธิ์,ลพบุรี,พัฒนานิคม,5,12,ลุ่มน้ำป่าสัก,1084,2.ป่าสักตอนล่าง (ท้ายเขื่อนป่าสักชลสิทธิ์),,31.459999084472656,31.46,30.96,31.46,,1184.0
S.3,S.3,556,ต.ตาลเดี่ยว,เพชรบูรณ์,หล่มสัก,2,12,ลุ่มน้ำป่าสัก,569,S.33-S.53-S.3-S.4B-S.42 (แม่น้ำป่าสัก ตอนบน),136.6300048828125,8.300000190734863,144.93,144.43,144.93,136.6300048828125,77.44999694824219
S.32,S.32,313,สถานีแพดับเพลิง,สระบุรี,เมืองสระบุรี,5,12,ลุ่มน้ำป่าสัก,1084,2.ป่าสักตอนล่าง (ท้ายเขื่อนป่าสักชลสิทธิ์),,12.800000190734863,12.8,12.3,12.8,,844.0
S.33,S.33,127,ต.ตาดกลอย,เพชรบูรณ์,หล่มเก่า,2,12,ลุ่มน้ำป่าสัก,569,S.33-S.53-S.3-S.4B-S.42 (แม่น้ำป่าสัก ตอนบน),190.08999633789062,8.84000015258789,198.93,198.43,198.93,190.08999633789062,415.0
S.42,S.42,130,บ้านบ่อวัง,เพชรบูรณ์,วิเชียรบุรี,2,12,ลุ่มน้ำป่าสัก,569,S.33-S.53-S.3-S.4B-S.42 (แม่น้ำป่าสัก ตอนบน),51.790000915527344,11.0,62.79,62.29,62.79,51.790000915527344,250.0
S.43,S.43,357,บ้านพูลทรัพย์,ลพบุรี,ชัยบาดาล,5,12,ลุ่มน้ำป่าสัก,572,1.ป่าสัก (เหนือเขื่อนป่าสักชลสิทธิ์)),,51.900001525878906,51.9,51.4,51.9,,926.0
S.4B,S.4B,156,ต.ในเมือง,เพชรบูรณ์,เมืองเพชรบูรณ์,2,12,ลุ่มน้ำป่าสัก,569,S.33-S.53-S.3-S.4B-S.42 (แม่น้ำป่าสัก ตอนบน),106.5,9.199999809265137,115.7,115.2,115.7,106.5,190.0
S.5,S.5,349,สะพานปรีดี-ธำรง,พระนครศรีอยุธยา,พระนครศรีอยุธยา,5,12,ลุ่มน้ำป่าสัก,704,3.ป่าสักตอนล่าง (ท้ายเขื่อนพระรามหก),,4.699999809265137,,,,,1400.0
S.51,S.51,660,ต.นาเฉลียง,เพชรบูรณ์,หนองไผ่,2,12,ลุ่มน้ำป่าสัก,1069,แม่น้ำป่าสัก,56.0,9.180000305175781,65.18,64.68,65.18,56.0,
S.52,S.52,661,บ้านท่าไม้ทอง,เพชรบูรณ์,ศรีเทพ,2,12,ลุ่มน้ำป่าสัก,1069,แม่น้ำป่าสัก,44.5,11.600000381469727,56.1,55.6,56.1,44.5,
S.53,S.53,605,สะพานบ้านวังร่อง,เพชรบูรณ์,หล่มสัก,2,12,ลุ่มน้ำป่าสัก,569,S.33-S.53-S.3-S.4B-S.42 (แม่น้ำป่าสัก ตอนบน),149.5800018310547,7.420000076293945,157.0,156.5,157.0,149.5800018310547,440.0
S.9,S.9,351,บ้านป่า,สระบุรี,แก่งคอย,5,12,ลุ่มน้ำป่าสัก,1084,2.ป่าสักตอนล่าง (ท้ายเขื่อนป่าสักชลสิทธิ์),,19.950000762939453,19.95,19.45,19.95,,1219.0
X.139A,X.139A,515,บ้านปะเหลียนใน,ตรัง,ปะเหลียน,8,25,ลุ่มน้ำภาคใต้ฝั่งตะวันตก,1181,คลองปะเหลียน (ตอนบน) จ.ตรัง,,24.200000762939453,24.2,23.7,24.2,,138.0
X.150,X.150,516,บ้านวังพระเคียน,สตูล,ละงู,8,25,ลุ่มน้ำภาคใต้ฝั่งตะวันตก,1221,คลองละงู จ.สตูล,,12.800000190734863,12.8,12.3,12.8,,265.0
X.186,X.186,520,บ้านตลาดเก่า,พังงา,ตะกั่วป่า,8,25,ลุ่มน้ำภาคใต้ฝั่งตะวันตก,1174,คลองตะกั่วป่า จ.พังงา,,4.400000095367432,,,,,
X.187,X.187,487,บ้านหินดาน,พังงา,ตะกั่วป่า,8,25,ลุ่มน้ำภาคใต้ฝั่งตะวันตก,1174,คลองตะกั่วป่า จ.พังงา,,8.25,,,,,630.0
X.190A,X.190A,522,บ้านเก็ตโฮ่,ภูเก็ต,กะทู้,8,25,ลุ่มน้ำภาคใต้ฝั่งตะวันตก,1177,คลองบางใหญ่ (ตอนบน) จ.ภูเก็ต,,17.1299991607666,17.13,16.63,17.13,,61.04999923706055
X.191,X.191,488,โรงเรียนสตรีภูเก็ต,ภูเก็ต,เมืองภูเก็ต,8,25,ลุ่มน้ำภาคใต้ฝั่งตะวันตก,1178,คลองบางใหญ่ (ตอนล่าง) จ.ภูเก็ต,,4.599999904632568,,,,,63.400001525878906
X.207,X.207,650,บ้านน้ำจืด,ระนอง,กระบุรี,8,25,ลุ่มน้ำภาคใต้ฝั่งตะวันตก,1220,คลองบางน้ำจืด จ.ระนอง,,4.099999904632568,,,,,32.79999923706055
X.207A,X.207A,653,บ้านน้ำจืด,ระนอง,กระบุรี,8,25,ลุ่มน้ำภาคใต้ฝั่งตะวันตก,1220,คลองบางน้ำจืด จ.ระนอง,,3.0999999046325684,,,,,
X.209,X.209,600,คลองหาดส้มแป้น,ระนอง,เมืองระนอง,8,25,ลุ่มน้ำภาคใต้ฝั่งตะวันตก,1041,คลองหาดส้มแป้น จ.ระนอง,,9.899999618530273,,,,,94.80000305175781
X.228,X.228,495,บ้านกลาง,ตรัง,เมืองตรัง,8,25,ลุ่มน้ำภาคใต้ฝั่งตะวันตก,1223,แม่น้ำตรัง (ตอนล่าง) จ.ตรัง,,8.399999618530273,,,,,505.0
X.231A,X.231A,496,ชุมชนประชาบำรุง,สตูล,ละงู,8,25,ลุ่มน้ำภาคใต้ฝั่งตะวันตก,1221,คลองละงู จ.สตูล,,3.0,,,,,
X.233,X.233,585,บ้านไสหาร,ตรัง,ห้วยยอด,8,25,ลุ่มน้ำภาคใต้ฝั่งตะวันตก,1271,"แม่น้ำตรัง (ตอนบน) จ,ตรัง",,21.700000762939453,21.7,21.2,21.7,,243.0
X.234,X.234,497,บ้านป่าหมาก,ตรัง,เมืองตรัง,8,25,ลุ่มน้ำภาคใต้ฝั่งตะวันตก,1223,แม่น้ำตรัง (ตอนล่าง) จ.ตรัง,,6.400000095367432,,,,,425.0
X.236,X.236,527,บ้านย่านตาขาว,ตรัง,ย่านตาขาว,8,25,ลุ่มน้ำภาคใต้ฝั่งตะวันตก,1182,คลองปะเหลียน (ตอนล่าง) จ.ตรัง,,5.099999904632568,,,,,224.5
X.239,X.239,528,บ้านฉลุงเหนือ,สตูล,เมืองสตูล,8,25,ลุ่มน้ำภาคใต้ฝั่งตะวันตก,1187,คลองดุสน (ตอนล่าง) จ.สตูล,,16.200000762939453,16.2,15.7,16.2,,87.0
X.279,X.279,530,บ้านปันจอร์,สตูล,ควนโดน,8,25,ลุ่มน้ำภาคใต้ฝั่งตะวันตก,1186,คลองดุสน (ตอนบน) จ.สตูล,,23.200000762939453,23.2,22.7,23.2,,84.0
X.280,X.280,601,ซอยทรายทอง,สตูล,เมืองสตูล,8,25,ลุ่มน้ำภาคใต้ฝั่งตะวันตก,1187,คลองดุสน (ตอนล่าง) จ.สตูล,,3.0,,,,,
X.281,X.281,544,บ้านดุสน,สตูล,ควนโดน,8,25,ลุ่มน้ำภาคใต้ฝั่งตะวันตก,1186,คลองดุสน (ตอนบน) จ.สตูล,,29.190000534057617,29.19,28.69,29.19,,
X.294,X.294,672,บ้านสองแพรก ,ระนอง,กระบุรี,8,25,ลุ่มน้ำภาคใต้ฝั่งตะวันตก,1082,คลองญวน จ.ระนอง,,14.100000381469727,14.1,13.6,14.1,,
X.297,X.297,702,คลองท่าหลวง,นครศรีธรรมราช,ทุ่งสง,8,25,ลุ่มน้ำภาคใต้ฝั่งตะวันตก,1271,"แม่น้ำตรัง (ตอนบน) จ,ตรัง",,31.760000228881836,31.76,31.26,31.76,,
X.47,X.47,470,บ้านท่าจีน,ตรัง,เมืองตรัง,8,25,ลุ่มน้ำภาคใต้ฝั่งตะวันตก,1223,แม่น้ำตรัง (ตอนล่าง) จ.ตรัง,,5.300000190734863,,,,,
X.56,X.56,472,บ้านท่าประดู่,ตรัง,ห้วยยอด,8,25,ลุ่มน้ำภาคใต้ฝั่งตะวันตก,1271,"แม่น้ำตรัง (ตอนบน) จ,ตรัง",,15.699999809265137,15.7,15.2,15.7,,445.0
X.105,X.105,697,บ้านไม้เสียบ,นครศรีธรรมราช,ชะอวด,8,21,ลุ่มน้ำภาคใต้ฝั่งตะวันออกตอนบน,1260,คลองชะอวด จ.นครศรีธรรมราช,,14.199999809265137,14.2,13.7,14.2,,
X.158,X.158,483,บ้านวังครก,ชุมพร,ท่าแซะ,8,21,ลุ่มน้ำภาคใต้ฝั่งตะวันออกตอนบน,615,คลองท่าตะเภา จ.ชุมพร,,11.5,11.5,11.0,11.5,,703.5
X.167,X.167,484,บ้านเสาธง,นครศรีธรรมราช,ร่อนพิบูลย์,8,21,ลุ่มน้ำภาคใต้ฝั่งตะวันออกตอนบน,1083,คลองเสาธง จ.นครศรีธรรมราช,,11.800000190734863,11.8,11.3,11.8,,120.0
X.176,X.176,656,บ้านหาดทรายแก้ว ,นครศรีธรรมราช,ฉวาง,8,21,ลุ่มน้ำภาคใต้ฝั่งตะวันออกตอนบน,1261,แม่น้ำตาปี (ตอนบน) จ.สุราษฎร์ธานี,,27.0,27.0,26.5,27.0,,209.0
X.180,X.180,518,สะพานเทศบาล 2,ชุมพร,เมืองชุมพร,8,21,ลุ่มน้ำภาคใต้ฝั่งตะวันออกตอนบน,615,คลองท่าตะเภา จ.ชุมพร,,3.3399999141693115,,,,,
X.195,X.195,523,บ้านต้นโพธิ์,นครศรีธรรมราช,ฉวาง,8,21,ลุ่มน้ำภาคใต้ฝั่งตะวันออกตอนบน,1261,แม่น้ำตาปี (ตอนบน) จ.สุราษฎร์ธานี,,38.0,38.0,37.5,38.0,,
X.200,X.200,491,บ้านวังไทร,นครศรีธรรมราช,ลานสกา,8,21,ลุ่มน้ำภาคใต้ฝั่งตะวันออกตอนบน,1201,คลองท่าดี (ตอนบน) จ.นครศรีธรรมราช,,35.20000076293945,35.2,34.7,35.2,,245.0
X.201A,X.201A,492,บ้านท่าไม้ลาย,ชุมพร,เมืองชุมพร,8,21,ลุ่มน้ำภาคใต้ฝั่งตะวันออกตอนบน,1200,คลองชุมพร (ตอนบน) จ.ชุมพร,,42.5,42.5,42.0,42.5,,316.0
X.203,X.203,493,บ้านนาป่า,นครศรีธรรมราช,เมืองนครศรีธรรมราช,8,21,ลุ่มน้ำภาคใต้ฝั่งตะวันออกตอนบน,1202,คลองท่าดี (ตอนล่าง) จ.นครศรีธรรมราช,,10.5,10.5,10.0,10.5,,39.54999923706055
X.212,X.212,524,ถนนลูกเสือ,ชุมพร,หลังสวน,8,21,ลุ่มน้ำภาคใต้ฝั่งตะวันออกตอนบน,1204,คลองหลังสวน (ตอนล่าง) จ.ชุมพร,,6.420000076293945,,,,,1136.0999755859375
X.213,X.213,525,บ้านพะโต๊ะ,ชุมพร,พะโต๊ะ,8,21,ลุ่มน้ำภาคใต้ฝั่งตะวันออกตอนบน,1203,คลองหลังสวน (ตอนบน) จ.ชุมพร,,46.79999923706055,46.8,46.3,46.8,,673.7000122070312
X.217,X.217,526,บ้านเคียนซา,สุราษฎร์ธานี,เคียนซา,8,21,ลุ่มน้ำภาคใต้ฝั่งตะวันออกตอนบน,1225,แม่น้ำตาปี (ตอนล่าง) จ.สุราษฎร์ธานี,,6.099999904632568,,,,,1400.0
X.243,X.243,498,บ้านควนกลาง (1),นครศรีธรรมราช,พิปูน,8,21,ลุ่มน้ำภาคใต้ฝั่งตะวันออกตอนบน,1261,แม่น้ำตาปี (ตอนบน) จ.สุราษฎร์ธานี,,43.58000183105469,43.58,43.08,43.58,,223.4499969482422
X.248,X.248,577,บ้านหาดใน ,ชุมพร,ท่าแซะ,8,21,ลุ่มน้ำภาคใต้ฝั่งตะวันออกตอนบน,1115,คลองรับร่อ จ.ชุมพร,,23.889999389648438,23.89,23.39,23.89,,
X.285,X.285,589,สนามหน้าเมือง ,นครศรีธรรมราช,เมืองนครศรีธรรมราช,8,21,ลุ่มน้ำภาคใต้ฝั่งตะวันออกตอนบน,1202,คลองท่าดี (ตอนล่าง) จ.นครศรีธรรมราช,,2.5,,,,,
X.289,X.289,615,วัดถลุงทอง,นครศรีธรรมราช,ร่อนพิบูลย์,8,21,ลุ่มน้ำภาคใต้ฝั่งตะวันออกตอนบน,1083,คลองเสาธง จ.นครศรีธรรมราช,,19.5,19.5,19.0,19.5,,157.5
X.293,X.293,670,บ้านนา ,ชุมพร,เมืองชุมพร,8,21,ลุ่มน้ำภาคใต้ฝั่งตะวันออกตอนบน,1198,คลองชุมพร (ตอนล่าง) จ.ชุมพร,,13.399999618530273,13.4,12.9,13.4,,
X.36,X.36,468,บ้านท่าขนอน,สุราษฎร์ธานี,คีรีรัฐนิคม,8,21,ลุ่มน้ำภาคใต้ฝั่งตะวันออกตอนบน,1216,คลองพุมดวง จ.สุราษฎร์ธานี,,11.0,11.0,10.5,11.0,,1225.0
X.37A,X.37A,509,บ้านย่านดินแดง,สุราษฎร์ธานี,พระแสง,8,21,ลุ่มน้ำภาคใต้ฝั่งตะวันออกตอนบน,1225,แม่น้ำตาปี (ตอนล่าง) จ.สุราษฎร์ธานี,,11.350000381469727,11.35,10.85,11.35,,508.75
X.46,X.46,676,บ้านท่าข้าม,ชุมพร,ท่าแซะ,8,21,ลุ่มน้ำภาคใต้ฝั่งตะวันออกตอนบน,1115,คลองรับร่อ จ.ชุมพร,,15.260000228881836,15.26,14.76,15.26,,630.5
X.53A,X.53A,512,บ้านวังไผ่,ชุมพร,เมืองชุมพร,8,21,ลุ่มน้ำภาคใต้ฝั่งตะวันออกตอนบน,1198,คลองชุมพร (ตอนล่าง) จ.ชุมพร,,8.699999809265137,,,,,199.5
X.55,X.55,471,บ้านท่าใหญ่,นครศรีธรรมราช,ลานสกา,8,21,ลุ่มน้ำภาคใต้ฝั่งตะวันออกตอนบน,1201,คลองท่าดี (ตอนบน) จ.นครศรีธรรมราช,,23.350000381469727,23.35,22.85,23.35,,
X.5C,X.5C,507,บ้านท่าข้าม,สุราษฎร์ธานี,พุนพิน,8,21,ลุ่มน้ำภาคใต้ฝั่งตะวันออกตอนบน,1225,แม่น้ำตาปี (ตอนล่าง) จ.สุราษฎร์ธานี,,2.259999990463257,,,,,
X.64,X.64,473,บ้านท่าแซะ,ชุมพร,ท่าแซะ,8,21,ลุ่มน้ำภาคใต้ฝั่งตะวันออกตอนบน,614,คลองท่าแซะ จ.ชุมพร,,17.1299991607666,17.13,16.63,17.13,,452.5
X.9,X.9,698,บ้านชะอวด,นครศรีธรรมราช,ชะอวด,8,21,ลุ่มน้ำภาคใต้ฝั่งตะวันออกตอนบน,1260,คลองชะอวด จ.นครศรีธรรมราช,,1.2999999523162842,,,,,
X.10A,X.10A,638,สะพานเดชานุชิต,ปัตตานี,เมืองปัตตานี,8,24,ลุ่มน้ำภาคใต้ฝั่งตะวันออกตอนล่าง,1229,แม่น้ำปัตตานี (ตอนล่าง) จ.ปัตตานี,,1.149999976158142,,,,,
X.119,X.119,513,บ้านมูโน๊ะ,นราธิวาส,สุไหงโก-ลก,8,24,ลุ่มน้ำภาคใต้ฝั่งตะวันออกตอนล่าง,1196,แม่น้ำโก-ลก (ตอนล่าง) จ.นราธิวาส,,7.0,,,,,
X.119A,X.119A,514,บริเวณสะพานลันตู,นราธิวาส,สุไหงโก-ลก,8,24,ลุ่มน้ำภาคใต้ฝั่งตะวันออกตอนล่าง,1196,แม่น้ำโก-ลก (ตอนล่าง) จ.นราธิวาส,,9.300000190734863,,,,,313.0
X.184,X.184,519,บ้านซากอ,นราธิวาส,ศรีสาคร,8,24,ลุ่มน้ำภาคใต้ฝั่งตะวันออกตอนล่าง,1193,แม่น้ำสายบุรี (ตอนบน) จ.นราธิวาส,,31.399999618530273,31.4,30.9,31.4,,1638.0
X.199,X.199,597,บ้านท่าเรือ,นราธิวาส,รือเสาะ,8,24,ลุ่มน้ำภาคใต้ฝั่งตะวันออกตอนล่าง,1193,แม่น้ำสายบุรี (ตอนบน) จ.นราธิวาส,,22.299999237060547,22.3,21.8,22.3,,
X.272A,X.272A,598,บ้านลาคอ,ปัตตานี,สายบุรี,8,24,ลุ่มน้ำภาคใต้ฝั่งตะวันออกตอนล่าง,1194,แม่น้ำสายบุรี (ตอนล่าง) จ.ยะลา,,3.5999999046325684,,,,,
X.273,X.273,620,บ้านปายอยือนิ ,ยะลา,รามัน,8,24,ลุ่มน้ำภาคใต้ฝั่งตะวันออกตอนล่าง,1194,แม่น้ำสายบุรี (ตอนล่าง) จ.ยะลา,,16.5,16.5,16.0,16.5,,
X.274,X.274,529,บ้านบูเก๊ะตา,นราธิวาส,แว้ง,8,24,ลุ่มน้ำภาคใต้ฝั่งตะวันออกตอนล่าง,1195,แม่น้ำโก-ลก (ตอนบน) จ.นราธิวาส,,23.5,23.5,23.0,23.5,,254.0
X.275,X.275,599,บ้านบริดอ,ปัตตานี,เมืองปัตตานี,8,24,ลุ่มน้ำภาคใต้ฝั่งตะวันออกตอนล่าง,1229,แม่น้ำปัตตานี (ตอนล่าง) จ.ปัตตานี,,2.0,,,,,
X.283,X.283,587,บ้านปรีกี ,ปัตตานี,ยะรัง,8,24,ลุ่มน้ำภาคใต้ฝั่งตะวันออกตอนล่าง,1229,แม่น้ำปัตตานี (ตอนล่าง) จ.ปัตตานี,,10.0,,,,,
X.40A,X.40A,510,บ้านท่าสาป,ยะลา,เมืองยะลา,8,24,ลุ่มน้ำภาคใต้ฝั่งตะวันออกตอนล่าง,1228,แม่น้ำปัตตานี (ตอนบน) จ.ยะลา,,16.5,16.5,16.0,16.5,,644.0
X.73,X.73,555,บ้านตันหยงมัส,นราธิวาส,ระแงะ,8,24,ลุ่มน้ำภาคใต้ฝั่งตะวันออกตอนล่าง,1044,คลองตันหยงมัส จ.นราธิวาส,,14.899999618530273,14.9,14.4,14.9,,126.0
X.73A,X.73A,646,บ้านบองอ ,นราธิวาส,ระแงะ,8,24,ลุ่มน้ำภาคใต้ฝั่งตะวันออกตอนล่าง,1044,คลองตันหยงมัส จ.นราธิวาส,,26.799999237060547,26.8,26.3,26.8,,
X.77,X.77,548,บ้านหัวสะพาน,ยะลา,บันนังสตา,8,24,ลุ่มน้ำภาคใต้ฝั่งตะวันออกตอนล่าง,1228,แม่น้ำปัตตานี (ตอนบน) จ.ยะลา,,39.70000076293945,39.7,39.2,39.7,,644.0
E.98,E.98,566,บ้านเขื่องใน,อุบลราชธานี,เขื่องใน,4,5,ลุ่มน้ำมูล,1244,ลุ่มน้ำมูลตอนล่าง,107.0,11.800000190734863,118.8,118.3,118.8,107.0,2150.0
M.104,M.104,244,บ้านวังปลัด,บุรีรัมย์,คูเมือง,4,5,ลุ่มน้ำมูล,1241,ลุ่มน้ำมูลส่วนที่2,128.3000030517578,9.5,137.8,137.3,137.8,128.3000030517578,710.0
M.11B,M.11B,281,บ้านโพธิ์ตาก,อุบลราชธานี,พิบูลมังสาหาร,4,5,ลุ่มน้ำมูล,1244,ลุ่มน้ำมูลตอนล่าง,104.0,8.0,112.0,111.5,112.0,104.0,5180.0
M.145,M.145,274,บ้านวังตะเคียนทอง,นครราชสีมา,ปากช่อง,4,5,ลุ่มน้ำมูล,1239,ลำพระเพลิง,383.0,7.400000095367432,390.4,389.9,390.4,383.0,150.0
M.157,M.157,614,บ้านนิคม,ยโสธร,ป่าติ้ว,4,5,ลุ่มน้ำมูล,1238,ลำเซบาย,123.5,6.0,129.5,129.0,129.5,123.5,500.0
M.159,M.159,261,บ้านหลุมดิน,สุรินทร์,จอมพระ,4,5,ลุ่มน้ำมูล,1246,ลำชี - ห้วยเสนง,120.9000015258789,8.199999809265137,129.1,128.6,129.1,120.9000015258789,256.0
M.164,M.164,288,ตำบลในเมือง,นครราชสีมา,เมืองนครราชสีมา,4,5,ลุ่มน้ำมูล,1233,ลำตะคองตอนล่าง,174.10000610351562,3.5,177.6,177.1,177.6,174.10000610351562,32.0
M.170,M.170,263,บ้านคำสำราญ,อุบลราชธานี,เดชอุดม,4,5,ลุ่มน้ำมูล,1236,ลำโดมใหญ่,123.30000305175781,9.0,132.3,131.8,132.3,123.30000305175781,568.0
M.171,M.171,289,บ้านโนนสาวเอ้,นครราชสีมา,วังน้ำเขียว,4,5,ลุ่มน้ำมูล,1239,ลำพระเพลิง,272.20001220703125,4.800000190734863,277.0,276.5,277.0,272.20001220703125,587.0
M.173,M.173,290,บ้านโนนสะอาด,นครราชสีมา,โชคชัย,4,5,ลุ่มน้ำมูล,1240,ลุ่มน้ำมูลตอนบน,174.8000030517578,7.599999904632568,182.4,181.9,182.4,174.8000030517578,312.0
M.174,M.174,588,บ้านโนนสมบูรณ์,นครราชสีมา,เมืองยาง,4,5,ลุ่มน้ำมูล,1281,ลำสะแทด,134.1999969482422,6.5,140.7,140.2,140.7,134.1999969482422,339.0
M.176,M.176,266,บ้านโนนสีไคล,ศรีสะเกษ,กันทรารมย์,4,5,ลุ่มน้ำมูล,1244,ลุ่มน้ำมูลตอนล่าง,110.19999694824219,12.0,122.2,121.7,122.2,110.19999694824219,494.0
M.177,M.177,291,บ้านลาดบัวขาว,นครราชสีมา,สีคิ้ว,4,5,ลุ่มน้ำมูล,1233,ลำตะคองตอนล่าง,236.6999969482422,6.599999904632568,243.3,242.8,243.3,236.6999969482422,105.0
M.179A,M.179A,268,บ้านป่าก่อ,อุบลราชธานี,เขื่องใน,4,5,ลุ่มน้ำมูล,1244,ลุ่มน้ำมูลตอนล่าง,109.80000305175781,10.0,119.8,119.3,119.8,109.80000305175781,400.0
M.180,M.180,269,บ้านท่าเยี่ยม,นครราชสีมา,ปักธงชัย,4,5,ลุ่มน้ำมูล,1239,ลำพระเพลิง,219.1999969482422,5.5,224.7,224.2,224.7,219.1999969482422,50.0
M.182,M.182,292,บ้านสีถาน,ศรีสะเกษ,กันทรารมย์,4,5,ลุ่มน้ำมูล,1244,ลุ่มน้ำมูลตอนล่าง,106.5,10.600000381469727,117.1,116.6,117.1,106.5,1570.0
M.183B,M.183B,271,บ้านคลองหินลับ,นครราชสีมา,ปากช่อง,4,5,ลุ่มน้ำมูล,1245,ลำตะคองตอนบน,294.8999938964844,6.0,300.9,300.4,300.9,294.8999938964844,96.0
M.184,M.184,293,บ้านซึม,นครราชสีมา,พิมาย,4,5,ลุ่มน้ำมูล,1240,ลุ่มน้ำมูลตอนบน,150.0,5.300000190734863,155.3,154.8,155.3,150.0,126.0
M.185A,M.185A,272,บ้านหินโคนเก่า,บุรีรัมย์,ลำปลายมาศ,4,5,ลุ่มน้ำมูล,1241,ลุ่มน้ำมูลส่วนที่2,150.39999389648438,8.449999809265137,158.85,158.35,158.85,150.39999389648438,467.5
M.186,M.186,294,บ้านโนนคอย,นครราชสีมา,จักราช,4,5,ลุ่มน้ำมูล,1240,ลุ่มน้ำมูลตอนบน,158.3000030517578,4.599999904632568,162.9,162.4,162.9,158.3000030517578,110.0
M.187,M.187,273,ศูนย์วิจัยและพัฒนาประมงน้ำจืดสุรินทร์,สุรินทร์,เมืองสุรินทร์,4,5,ลุ่มน้ำมูล,1246,ลำชี - ห้วยเสนง,136.8000030517578,3.5999999046325684,140.4,139.9,140.4,136.8000030517578,53.0
M.188A,M.188A,295,บ้านบัว,นครราชสีมา,โนนสูง,4,5,ลุ่มน้ำมูล,1240,ลุ่มน้ำมูลตอนบน,157.6999969482422,4.900000095367432,162.6,162.1,162.6,157.6999969482422,70.0
M.190,M.190,296,บ้านเขวา,ศรีสะเกษ,อุทุมพรพิสัย,4,5,ลุ่มน้ำมูล,1243,ห้วยสำราญ,119.69999694824219,7.599999904632568,127.3,126.8,127.3,119.69999694824219,219.0
M.191,M.191,297,บ้านโคกกรวด,นครราชสีมา,เมืองนครราชสีมา,4,5,ลุ่มน้ำมูล,1233,ลำตะคองตอนล่าง,191.8000030517578,3.5,195.3,194.8,195.3,191.8000030517578,42.0
M.192,M.192,298,บ้านโนนค่า,นครราชสีมา,สูงเนิน,4,5,ลุ่มน้ำมูล,1233,ลำตะคองตอนล่าง,199.60000610351562,4.300000190734863,203.9,203.4,203.9,199.60000610351562,35.0
M.195,M.195,626,บ้านสัมฤทธิ์,นครราชสีมา,พิมาย,4,5,ลุ่มน้ำมูล,1240,ลุ่มน้ำมูลตอนบน,151.3000030517578,6.800000190734863,158.1,157.6,158.1,151.3000030517578,320.0
M.199,M.199,637,บ้านขนงพระเหนือ,นครราชสีมา,ปากช่อง,4,5,ลุ่มน้ำมูล,1245,ลำตะคองตอนบน,328.79998779296875,5.0,333.8,333.3,333.8,328.79998779296875,190.0
M.26A,M.26A,236,บ้านละลูน,บุรีรัมย์,กระสัง,4,5,ลุ่มน้ำมูล,1246,ลำชี - ห้วยเสนง,127.0999984741211,9.0,136.1,135.6,136.1,127.0999984741211,120.0
M.2A,M.2A,276,บ้านด่านกะตา,นครราชสีมา,เฉลิมพระเกียรติ,4,5,ลุ่มน้ำมูล,1240,ลุ่มน้ำมูลตอนบน,161.0,6.699999809265137,167.7,167.2,167.7,161.0,232.0
M.32,M.32,237,บ้านเชียงเพ็ง,ยโสธร,ป่าติ้ว,4,5,ลุ่มน้ำมูล,1238,ลำเซบาย,120.30000305175781,8.199999809265137,128.5,128.0,128.5,120.30000305175781,675.0
M.4,M.4,277,บ้านพงสวาย,สุรินทร์,ท่าตูม,4,5,ลุ่มน้ำมูล,1241,ลุ่มน้ำมูลส่วนที่2,117.0,8.199999809265137,125.2,124.7,125.2,117.0,1300.0
M.42,M.42,282,บ้านห้วยทับทัน,ศรีสะเกษ,ห้วยทับทัน,4,5,ลุ่มน้ำมูล,1242,ลุ่มน้ำมูลส่วนที่3 (ราษีไศล - หัวนา),118.9000015258789,8.300000190734863,127.2,126.7,127.2,118.9000015258789,151.0
M.43A,M.43A,283,บ้านท่ามะปรางค์,นครราชสีมา,ปากช่อง,4,5,ลุ่มน้ำมูล,1245,ลำตะคองตอนบน,371.70001220703125,3.5,375.2,374.7,375.2,371.70001220703125,112.0999984741211
M.5,M.5,235,บ้านเมืองคง,ศรีสะเกษ,ราษีไศล,4,5,ลุ่มน้ำมูล,1242,ลุ่มน้ำมูลส่วนที่3 (ราษีไศล - หัวนา),110.0,10.75,120.75,120.25,120.75,110.0,1675.0
M.66,M.66,239,บ้านวังชมภู,ศรีสะเกษ,กันทรลักษ์,4,5,ลุ่มน้ำมูล,1237,ห้วยขยุง,141.89999389648438,7.0,148.9,148.4,148.9,141.89999389648438,560.0
M.69,M.69,240,บ้านท่าบอแบง,อุบลราชธานี,ตระการพืชผล,4,5,ลุ่มน้ำมูล,1247,ลำเซบก,108.0,7.699999809265137,115.7,115.2,115.7,108.0,330.0
M.6A,M.6A,278,บ้านสตึก,บุรีรัมย์,สตึก,4,5,ลุ่มน้ำมูล,1241,ลุ่มน้ำมูลส่วนที่2,123.0,8.0,131.0,130.5,131.0,123.0,1240.0
M.7,M.7,279,สะพานเสรีประชาธิปไตย,อุบลราชธานี,วารินชำราบ,4,5,ลุ่มน้ำมูล,1244,ลุ่มน้ำมูลตอนล่าง,105.0,7.0,112.0,111.5,112.0,105.0,2300.0
M.89,M.89,286,สำนักเทคโนโลยีชีวภัณฑ์สัตว์,นครราชสีมา,ปากช่อง,4,5,ลุ่มน้ำมูล,1245,ลำตะคองตอนบน,290.8999938964844,6.5,297.4,296.9,297.4,290.8999938964844,125.0
M.9,M.9,280,ชุมชนสะพานขาว,ศรีสะเกษ,เมืองศรีสะเกษ,4,5,ลุ่มน้ำมูล,1242,ลุ่มน้ำมูลส่วนที่3 (ราษีไศล - หัวนา),109.0,9.0,118.0,117.5,118.0,109.0,200.0
M.95A,M.95A,242,บ้านดอนยาง,ร้อยเอ็ด,สุวรรณภูมิ,4,5,ลุ่มน้ำมูล,1242,ลุ่มน้ำมูลส่วนที่3 (ราษีไศล - หัวนา),115.80999755859375,7.300000190734863,123.11,122.61,123.11,115.80999755859375,140.3000030517578
Y.13A,Y.13A,64,บ้านหลวงเหนือ,ลำปาง,งาว,1,8,ลุ่มน้ำยม,1164,Y.13A-Y.30,268.29998779296875,2.799999952316284,271.1,270.6,271.1,268.29998779296875,156.0
Y.14B,Y.14B,142,บ้านป่างิ้ว,สุโขทัย,ศรีสัชนาลัย,2,8,ลุ่มน้ำยม,1289, Y.20-Y.1C-Y.37-Y14B (แม่น้ำยม จังหวัดแพร่-สุโขทัย),62.0099983215332,11.300000190734863,73.31,72.81,73.31,62.0099983215332,2293.5
Y.15,Y.15,89,บ้านกง,สุโขทัย,กงไกรลาศ,2,8,ลุ่มน้ำยม,1141,Y.15-Y.50-Y.16-Y.64-Y.51-Y.17-Y.52 (สุโขทัย-พิจิตร) ยมตอนล่าง,35.31999969482422,10.319999694824219,45.64,45.14,45.64,35.31999969482422,492.0
Y.16,Y.16,90,บางระกำ,พิษณุโลก,บางระกำ,2,8,ลุ่มน้ำยม,1141,Y.15-Y.50-Y.16-Y.64-Y.51-Y.17-Y.52 (สุโขทัย-พิจิตร) ยมตอนล่าง,31.6299991607666,7.300000190734863,38.93,38.43,38.93,31.6299991607666,230.0
Y.17,Y.17,91,สามง่าม,พิจิตร,สามง่าม,2,8,ลุ่มน้ำยม,1141,Y.15-Y.50-Y.16-Y.64-Y.51-Y.17-Y.52 (สุโขทัย-พิจิตร) ยมตอนล่าง,31.489999771118164,6.760000228881836,38.25,37.75,38.25,31.489999771118164,614.0
Y.1C,Y.1C,63,บ้านน้ำโค้ง,แพร่,เมืองแพร่,1,8,ลุ่มน้ำยม,783,Y.20 - Y.1C - Y.37,143.5,8.199999809265137,151.7,151.2,151.7,143.5,1042.0
Y.20,Y.20,65,บ้านห้วยสัก,แพร่,สอง,1,8,ลุ่มน้ำยม,783,Y.20 - Y.1C - Y.37,181.0,9.0,190.0,189.5,190.0,181.0,1104.0
Y.21,Y.21,92,ห้วยแม่สิน,สุโขทัย,ศรีสัชนาลัย,2,8,ลุ่มน้ำยม,1131,Y.37-Y.21-Y.14B-Y.6A-Y.3A-Y.33-Y.26-Y.4 (แม่น้ำยม แพร่ สุโขทัย),114.45999908447266,6.920000076293945,121.38,120.88,121.38,114.45999908447266,318.0
Y.24,Y.24,18,บ้านมาง,พะเยา,เชียงม่วน,1,8,ลุ่มน้ำยม,1163,Y.31-Y.24,257.7699890136719,6.0,263.77,263.27,263.77,257.7699890136719,329.3999938964844
Y.26,Y.26,143,ห้วยแม่มอก,ลำปาง,เถิน,2,8,ลุ่มน้ำยม,1131,Y.37-Y.21-Y.14B-Y.6A-Y.3A-Y.33-Y.26-Y.4 (แม่น้ำยม แพร่ สุโขทัย),100.37999725341797,5.880000114440918,106.26,105.76,106.26,100.37999725341797,290.0
Y.30,Y.30,19,บ้านโป่ง,ลำปาง,งาว,1,8,ลุ่มน้ำยม,1164,Y.13A-Y.30,265.6300048828125,4.300000190734863,269.93,269.43,269.93,265.6300048828125,156.9499969482422
Y.31,Y.31,66,บ้านทุ่งหนอง,พะเยา,เชียงม่วน,1,8,ลุ่มน้ำยม,1163,Y.31-Y.24,257.0,6.0,263.0,262.5,263.0,257.0,500.0
Y.33,Y.33,94,บ้านคลองตาล,สุโขทัย,ศรีสำโรง,2,8,ลุ่มน้ำยม,1131,Y.37-Y.21-Y.14B-Y.6A-Y.3A-Y.33-Y.26-Y.4 (แม่น้ำยม แพร่ สุโขทัย),45.81999969482422,11.170000076293945,56.99,56.49,56.99,45.81999969482422,690.0
Y.34,Y.34,67,บ้านแม่หล่าย,แพร่,เมืองแพร่,1,8,ลุ่มน้ำยม,1162,Y.34-Y.38,157.27000427246094,4.0,161.27,160.77,161.27,157.27000427246094,535.0
Y.36,Y.36,694,บ้านป่าคา,พะเยา,ปง,1,8,ลุ่มน้ำยม,1166,Y.36,298.5899963378906,4.599999904632568,303.19,302.69,303.19,298.5899963378906,184.6999969482422
Y.37,Y.37,68,บ้านวังชิ้น,แพร่,วังชิ้น,1,8,ลุ่มน้ำยม,783,Y.20 - Y.1C - Y.37,92.27999877929688,11.0,103.28,102.78,103.28,92.27999877929688,1325.5999755859375
Y.38,Y.38,69,บ้านแม่คำมีตำหนักธรรม,แพร่,หนองม่วงไข่,1,8,ลุ่มน้ำยม,1162,Y.34-Y.38,170.10000610351562,4.699999809265137,174.8,174.3,174.8,170.10000610351562,325.0
Y.3A,Y.3A,139,บ้านวังขอนไม้,สุโขทัย,สวรรคโลก,2,8,ลุ่มน้ำยม,1131,Y.37-Y.21-Y.14B-Y.6A-Y.3A-Y.33-Y.26-Y.4 (แม่น้ำยม แพร่ สุโขทัย),51.0,11.0,62.0,61.5,62.0,51.0,1130.0
Y.4,Y.4,140,ต.ธานี,สุโขทัย,เมืองสุโขทัย,2,8,ลุ่มน้ำยม,1131,Y.37-Y.21-Y.14B-Y.6A-Y.3A-Y.33-Y.26-Y.4 (แม่น้ำยม แพร่ สุโขทัย),43.439998626708984,8.149999618530273,51.59,51.09,51.59,43.439998626708984,510.0
Y.5,Y.5,141,หน้าอำเภอโพทะเล,พิจิตร,โพทะเล,2,8,ลุ่มน้ำยม,1142,Y.51-Y.17-Y.52-Y.5 (แม่น้ำยม ตอนล่าง),22.049999237060547,8.100000381469727,30.15,29.65,30.15,22.049999237060547,
Y.50,Y.50,639,บ้านท่านางงาม,พิษณุโลก,บางระกำ,2,8,ลุ่มน้ำยม,1141,Y.15-Y.50-Y.16-Y.64-Y.51-Y.17-Y.52 (สุโขทัย-พิจิตร) ยมตอนล่าง,34.65999984741211,6.099999904632568,40.76,40.26,40.76,34.65999984741211,280.0
Y.51,Y.51,640,สะพานวังอีทก,พิษณุโลก,บางระกำ,2,8,ลุ่มน้ำยม,1141,Y.15-Y.50-Y.16-Y.64-Y.51-Y.17-Y.52 (สุโขทัย-พิจิตร) ยมตอนล่าง,29.030000686645508,13.6899995803833,42.72,42.22,42.72,29.030000686645508,
Y.52,Y.52,641,บ้านวังจิก,พิจิตร,โพธิ์ประทับช้าง,2,8,ลุ่มน้ำยม,1141,Y.15-Y.50-Y.16-Y.64-Y.51-Y.17-Y.52 (สุโขทัย-พิจิตร) ยมตอนล่าง,27.09000015258789,6.909999847412109,34.0,33.5,34.0,27.09000015258789,297.0
Y.64,Y.64,96,บางระกำ,พิษณุโลก,บางระกำ,2,8,ลุ่มน้ำยม,1141,Y.15-Y.50-Y.16-Y.64-Y.51-Y.17-Y.52 (สุโขทัย-พิจิตร) ยมตอนล่าง,32.5099983215332,6.400000095367432,38.91,38.41,38.91,32.5099983215332,352.0
Y.6A,Y.6A,642,บ้านป่ากล้วย,สุโขทัย,ศรีสัชนาลัย,2,8,ลุ่มน้ำยม,1131,Y.37-Y.21-Y.14B-Y.6A-Y.3A-Y.33-Y.26-Y.4 (แม่น้ำยม แพร่ สุโขทัย),56.619998931884766,11.539999961853027,68.16,67.66,68.16,56.619998931884766,2200.0
W.10B,W.10B,634,บ้านแลง,ลำปาง,เมืองลำปาง,1,7,ลุ่มน้ำวัง,715,"W.10B,W.1C,W3A",257.29998779296875,6.599999904632568,263.9,263.4,263.9,257.29998779296875,436.0
W.1C,W.1C,59,สะพานเสตุวารี,ลำปาง,เมืองลำปาง,1,7,ลุ่มน้ำวัง,715,"W.10B,W.1C,W3A",229.3000030517578,5.199999809265137,234.5,234.0,234.5,229.3000030517578,487.0
W.23,W.23,86,บ้านแม่เชียงราย,ตาก,สามเงา,2,7,ลุ่มน้ำวัง,1059,W.3A - W.23 - W.24 - W.4A,141.2899932861328,6.300000190734863,147.59,147.09,147.59,141.2899932861328,475.0
W.24,W.24,87,บ้านท่าไผ่,ตาก,สามเงา,2,7,ลุ่มน้ำวัง,1059,W.3A - W.23 - W.24 - W.4A,135.42999267578125,8.5,143.93,143.43,143.93,135.42999267578125,463.0
W.3A,W.3A,7,บ้านดอนชัย,ลำปาง,เถิน,1,7,ลุ่มน้ำวัง,715,"W.10B,W.1C,W3A",161.0,4.800000190734863,165.8,165.3,165.8,161.0,850.0
W.4A,W.4A,85,บ้านวังหมัน,ตาก,สามเงา,2,7,ลุ่มน้ำวัง,1059,W.3A - W.23 - W.24 - W.4A,130.0,7.0,137.0,136.5,137.0,130.0,530.0
CT.19,Ct.19,343,บ้านดอนใหญ่,อุทัยธานี,เมืองอุทัยธานี,5,11,ลุ่มน้ำสะแกกรัง,1279,แม่น้ำสะแกกรัง,,24.520000457763672,24.52,24.02,24.52,,637.0
CT.2A,Ct.2A,337,บ้านหาดทนง,อุทัยธานี,เมืองอุทัยธานี,5,11,ลุ่มน้ำสะแกกรัง,1279,แม่น้ำสะแกกรัง,,21.34000015258789,21.34,20.84,21.34,,616.0
CT.4,Ct.4,338,บ้านศาลเจ้าไก่ต่อ,นครสวรรค์,ลาดยาว,5,11,ลุ่มน้ำสะแกกรัง,1263,1.น้ำแม่วงก์,,71.66999816894531,71.67,71.17,71.67,,197.0
CT.5A,Ct.5A,339,บ้านปางมะค่า,กำแพงเพชร,ขาณุวรลักษบุรี,5,11,ลุ่มน้ำสะแกกรัง,1263,1.น้ำแม่วงก์,,107.22000122070312,107.22,106.72,107.22,,232.0
CT.8,Ct.8,341,บ้านโคกหม้อ,อุทัยธานี,ทัพทัน,5,11,ลุ่มน้ำสะแกกรัง,1279,แม่น้ำสะแกกรัง,,33.5,33.5,33.0,33.5,,280.0
CT.8A,Ct.8A,710,บ้านโคกหม้อ,อุทัยธานี,ทัพทัน,5,11,ลุ่มน้ำสะแกกรัง,1279,แม่น้ำสะแกกรัง,,34.0,34.0,33.5,34.0,,392.0
CT.9,Ct.9,342,บ้านบุ่งอ้ายเจี้ยม,อุทัยธานี,ลานสัก,5,11,ลุ่มน้ำสะแกกรัง,1279,แม่น้ำสะแกกรัง,,127.91999816894531,127.92,127.42,127.92,,280.0
C.12,C.12,299,กรมชลประทานสามเสน,กรุงเทพมหานคร,เขต ดุสิต,5,10,ลุ่มน้ำเจ้าพระยา,1072,3.เจ้าพระยาตอนล่าง,,2.259999990463257,,,,,
C.13,C.13,319,ท้ายเขื่อนเจ้าพระยา,ชัยนาท,สรรพยา,5,10,ลุ่มน้ำเจ้าพระยา,1272,1.เจ้าพระยาสายหลัก,,16.34000015258789,16.34,15.84,16.34,,2720.0
C.2,C.2,315,ค่ายจิรประวัติ,นครสวรรค์,เมืองนครสวรรค์,5,10,ลุ่มน้ำเจ้าพระยา,1030,2.เจ้าพระยาตอนบน,,25.700000762939453,25.7,25.2,25.7,,3735.0
C.22A,C.22A,320,กรมชลประทานปากเกร็ด,นนทบุรี,ปากเกร็ด,5,10,ลุ่มน้ำเจ้าพระยา,1072,3.เจ้าพระยาตอนล่าง,,2.9000000953674316,,,,,
C.29B,C.29B,323,วัดกร่าง,ปทุมธานี,สามโคก,5,10,ลุ่มน้ำเจ้าพระยา,1072,3.เจ้าพระยาตอนล่าง,,3.0,,,,,3600.0
C.3,C.3,316,บ้านบางพุทรา,สิงห์บุรี,เมืองสิงห์บุรี,5,10,ลุ่มน้ำเจ้าพระยา,1272,1.เจ้าพระยาสายหลัก,,13.199999809265137,13.2,12.7,13.2,,2997.0
C.35,C.35,325,บ้านป้อม,พระนครศรีอยุธยา,พระนครศรีอยุธยา,5,10,ลุ่มน้ำเจ้าพระยา,1272,1.เจ้าพระยาสายหลัก,,4.349999904632568,,,,,1159.0
C.36,C.36,326,บ้านบางหลวงโดด,พระนครศรีอยุธยา,บางบาล,5,10,ลุ่มน้ำเจ้าพระยา,737,4.เจ้าพระยาตอนล่าง (คลองบางหลวง),,4.300000190734863,,,,,441.0
C.37,C.37,327,บ้านบางบาล,พระนครศรีอยุธยา,บางบาล,5,10,ลุ่มน้ำเจ้าพระยา,1248,5.เจ้าพระยาตอนล่าง (คลองบางบาล),,4.139999866485596,,,,,97.0
C.38,C.38,659,โรงเรียนคณะราษฎร์บำรุง,ปทุมธานี,เมืองปทุมธานี,5,10,ลุ่มน้ำเจ้าพระยา,1072,3.เจ้าพระยาตอนล่าง,,3.450000047683716,,,,,
C.44,C.44,300,บ้านอินทร์บุรี,สิงห์บุรี,อินทร์บุรี,5,10,ลุ่มน้ำเจ้าพระยา,1272,1.เจ้าพระยาสายหลัก,,15.300000190734863,15.3,14.8,15.3,,
C.45,C.45,301,บ้านบางน้ำเชี่ยว,สิงห์บุรี,พรหมบุรี,5,10,ลุ่มน้ำเจ้าพระยา,1272,1.เจ้าพระยาสายหลัก,,11.899999618530273,11.9,11.4,11.9,,
C.46,C.46,705,บ้านไยโย,อ่างทอง,ไชโย,5,10,ลุ่มน้ำเจ้าพระยา,1272,1.เจ้าพระยาสายหลัก,,10.199999809265137,10.2,9.7,10.2,,
C.47,C.47,302,บ้านป่าโมก,อ่างทอง,ป่าโมก,5,10,ลุ่มน้ำเจ้าพระยา,1272,1.เจ้าพระยาสายหลัก,,7.800000190734863,,,,,
C.66,C.66,704,สะพานโคกจันทน์,ชัยนาท,สรรพยา,5,10,ลุ่มน้ำเจ้าพระยา,1272,1.เจ้าพระยาสายหลัก,,15.180000305175781,15.18,14.68,15.18,,
C.67,C.67,624,สะพานหัวเวียง,พระนครศรีอยุธยา,เสนา,5,10,ลุ่มน้ำเจ้าพระยา,738,8.แม่น้ำน้อย,,2.75,,,,,
C.68,C.68,625,ตลาดเสนา,พระนครศรีอยุธยา,เสนา,5,10,ลุ่มน้ำเจ้าพระยา,738,8.แม่น้ำน้อย,,3.200000047683716,,,,,
C.7A,C.7A,318,บ้านบางแก้ว,อ่างทอง,เมืองอ่างทอง,5,10,ลุ่มน้ำเจ้าพระยา,1272,1.เจ้าพระยาสายหลัก,,9.899999618530273,,,,,2862.0
C.บางปะอิน,C.บางปะอิน,711,พระราชวังบางปะอิน,พระนครศรีอยุธยา,บางปะอิน,5,10,ลุ่มน้ำเจ้าพระยา,1280,6.พระราชวังบางปะอิน,,,,,,,
P.17,P.17,347,บ้านท่างิ้ว,นครสวรรค์,บรรพตพิสัย,5,10,ลุ่มน้ำเจ้าพระยา,1030,2.เจ้าพระยาตอนบน,,38.25,38.25,37.75,38.25,,1835.0
B.10,B.10,463,ตลาดท่ายาง,เพชรบุรี,ท่ายาง,7,19,ลุ่มน้ำเพชรบุรี,511,ท้ายเขื่อนเพชร,5.400000095367432,8.5,13.9,13.4,13.9,5.400000095367432,400.0
B.15,B.15,465,ข้างจวนผู้ว่าฯ,เพชรบุรี,เมืองเพชรบุรี,7,19,ลุ่มน้ำเพชรบุรี,511,ท้ายเขื่อนเพชร,0.0,5.099999904632568,5.1,4.6,5.1,0.0,150.0
B.16,B.16,549,สะพานบ้านลาด,เพชรบุรี,บ้านลาด,7,19,ลุ่มน้ำเพชรบุรี,511,ท้ายเขื่อนเพชร,2.0,6.900000095367432,8.9,8.4,8.9,2.0,185.0
B.18,B.18,635,เขาลูกช้าง,เพชรบุรี,ท่ายาง,7,19,ลุ่มน้ำเพชรบุรี,712,ท้ายเขื่อนแก่งกระจาน,21.0,7.0,28.0,27.5,28.0,21.0,290.0
B.19,B.19,707,บ้านหนองหญ้าปล้อง,เพชรบุรี,หนองหญ้าปล้อง,7,19,ลุ่มน้ำเพชรบุรี,1277,ห้วยแม่ประจันต์,64.0,7.0,71.0,70.5,71.0,64.0,
B.3A,B.3A,459,บ้านสองพี่น้อง,เพชรบุรี,แก่งกระจาน,7,19,ลุ่มน้ำเพชรบุรี,712,ท้ายเขื่อนแก่งกระจาน,41.0,4.400000095367432,45.4,44.9,45.4,41.0,260.0
B.6,B.6,708,บ้านสระยายนนท์,เพชรบุรี,แก่งกระจาน,7,19,ลุ่มน้ำเพชรบุรี,1277,ห้วยแม่ประจันต์,20.0,5.0,25.0,24.5,25.0,20.0,
B.8A,B.8A,461,บ้านโพรงเข้,เพชรบุรี,ท่ายาง,7,19,ลุ่มน้ำเพชรบุรี,712,ท้ายเขื่อนแก่งกระจาน,39.099998474121094,6.0,45.1,44.6,45.1,39.099998474121094,
B.9,B.9,462,บ้านสาระเห็ด,เพชรบุรี,ท่ายาง,7,19,ลุ่มน้ำเพชรบุรี,712,ท้ายเขื่อนแก่งกระจาน,25.200000762939453,6.199999809265137,31.4,30.9,31.4,25.200000762939453,300.0
K.10,K.10,433,บ้านลุ่มสุ่ม,กาญจนบุรี,ไทรโยค,7,14,ลุ่มน้ำแม่กลอง,656,แควน้อย,30.399999618530273,10.300000190734863,40.7,40.2,40.7,30.399999618530273,1020.0
K.11A,K.11A,434,บ้านวังขนาย,กาญจนบุรี,ท่าม่วง,7,14,ลุ่มน้ำแม่กลอง,1253,ท้ายเขื่อนแม่กลอง,9.699999809265137,6.199999809265137,15.9,15.4,15.9,9.699999809265137,1300.0
K.12,K.12,435,บ้านทุ่งนานางหรอก,กาญจนบุรี,เมืองกาญจนบุรี,7,14,ลุ่มน้ำแม่กลอง,507,ลำตะเพิน,39.70000076293945,6.099999904632568,45.8,45.3,45.8,39.70000076293945,230.0
K.25A,K.25A,437,บ้านคา,ราชบุรี,บ้านคา,7,14,ลุ่มน้ำแม่กลอง,1254,ลำภาชี,152.0,4.900000095367432,156.9,156.4,156.9,152.0,320.0
K.2B,K.2B,413,สะพานธนะรัชต์,ราชบุรี,เมืองราชบุรี,7,14,ลุ่มน้ำแม่กลอง,1253,ท้ายเขื่อนแม่กลอง,-10.0,14.300000190734863,4.3,3.8,4.3,-10.0,
K.31,K.31,438,ตลิ่ง ณ สถานี K.31 บ้านน้ำโจน,กาญจนบุรี,ไทรโยค,7,14,ลุ่มน้ำแม่กลอง,656,แควน้อย,54.20000076293945,14.800000190734863,69.0,68.5,69.0,54.20000076293945,2210.0
K.32A,K.32A,417,บ้านบ้องตี้น้อย,กาญจนบุรี,ไทรโยค,7,14,ลุ่มน้ำแม่กลอง,656,แควน้อย,84.19999694824219,6.0,90.2,89.7,90.2,84.19999694824219,350.0
K.35A,K.35A,439,บ้านหนองบัว,กาญจนบุรี,เมืองกาญจนบุรี,7,14,ลุ่มน้ำแม่กลอง,508,แควใหญ่,21.5,5.5,27.0,26.5,27.0,21.5,440.0
K.37,K.37,441,บ้านวังเย็น,กาญจนบุรี,เมืองกาญจนบุรี,7,14,ลุ่มน้ำแม่กลอง,656,แควน้อย,19.799999237060547,11.649999618530273,31.45,30.95,31.45,19.799999237060547,1910.0
K.3A,K.3A,432,สะพานข้ามแม่น้ำแม่กลองหน้าศาลากลางจ.กาญจนบุรี,กาญจนบุรี,เมืองกาญจนบุรี,7,14,ลุ่มน้ำแม่กลอง,791,แม่กลอง,14.0,11.800000190734863,25.8,25.3,25.8,14.0,
K.49,K.49,442,บ้านยางสูง,กาญจนบุรี,บ่อพลอย,7,14,ลุ่มน้ำแม่กลอง,507,ลำตะเพิน,98.5,4.5,103.0,102.5,103.0,98.5,
K.54,K.54,444,สะพานรถยนต์บ้านลิ่นถิ่น,กาญจนบุรี,ทองผาภูมิ,7,14,ลุ่มน้ำแม่กลอง,656,แควน้อย,60.599998474121094,8.0,68.6,68.1,68.6,60.599998474121094,1080.0
K.55A,K.55A,421,สะพานค่ายหลวง,ราชบุรี,บ้านโป่ง,7,14,ลุ่มน้ำแม่กลอง,1253,ท้ายเขื่อนแม่กลอง,0.0,9.0,9.0,8.5,9.0,0.0,1730.0
K.56A,K.56A,651,สะพานบ้านหม้อ-สร้อยฟ้า ,ราชบุรี,โพธาราม,7,14,ลุ่มน้ำแม่กลอง,1253,ท้ายเขื่อนแม่กลอง,-2.0,10.300000190734863,8.3,7.8,8.3,-2.0,1870.0
K.57,K.57,423,สะพานบางนกแขวก,สมุทรสงคราม,บางคนที,7,14,ลุ่มน้ำแม่กลอง,1253,ท้ายเขื่อนแม่กลอง,-13.199999809265137,15.5,2.3,1.8,2.3,-13.199999809265137,
K.58,K.58,445,บ้านปากแซง,กาญจนบุรี,ไทรโยค,7,14,ลุ่มน้ำแม่กลอง,656,แควน้อย,39.5,6.300000190734863,45.8,45.3,45.8,39.5,630.0
K.61,K.61,446,บ้านด่านทับตะโก,ราชบุรี,จอมบึง,7,14,ลุ่มน้ำแม่กลอง,1254,ลำภาชี,64.69999694824219,4.650000095367432,69.35,68.85,69.35,64.69999694824219,
K.62,K.62,447,บ้านหนองไผ่,กาญจนบุรี,ด่านมะขามเตี้ย,7,14,ลุ่มน้ำแม่กลอง,1254,ลำภาชี,49.0,5.800000190734863,54.8,54.3,54.8,49.0,
K.63,K.63,684,บ้านใหม่,กาญจนบุรี,ท่าม่วง,7,14,ลุ่มน้ำแม่กลอง,1253,ท้ายเขื่อนแม่กลอง,7.900000095367432,10.100000381469727,18.0,17.5,18.0,7.900000095367432,
K.64,K.64,685,บ้านทุ่งแหลม,ราชบุรี,สวนผึ้ง,7,14,ลุ่มน้ำแม่กลอง,1254,ลำภาชี,79.0,7.5,86.5,86.0,86.5,79.0,
KH.1,Kh.1,215,บ้านมีชัย,หนองคาย,เมืองหนองคาย,3,2,ลุ่มน้ำโขง,452,ลุ่มน้ำโขง,153.60000610351562,11.600000381469727,165.2,164.7,165.2,153.60000610351562,
KH.100,Kh.100,230,บ้านพันลำ,บึงกาฬ,บึงกาฬ,3,2,ลุ่มน้ำโขง,452,ลุ่มน้ำโขง,141.89999389648438,14.0,155.9,155.4,155.9,141.89999389648438,
KH.103,Kh.103,232,บ้านโนนตูม,อุดรธานี,เมืองอุดรธานี,3,2,ลุ่มน้ำโขง,1116,ลุ่มน้ำห้วยหลวง,166.5,5.0,171.5,171.0,171.5,166.5,95.0
KH.104,Kh.104,233,วัดศรีบุญเรือง,มุกดาหาร,เมืองมุกดาหาร,3,2,ลุ่มน้ำโขง,452,ลุ่มน้ำโขง,124.30000305175781,13.0,137.3,136.8,137.3,124.30000305175781,
KH.108,Kh.108,187,บ้านพอกใหญ่,สกลนคร,พรรณานิคม,3,2,ลุ่มน้ำโขง,1119,ลำน้ำอูน,150.0,7.5,157.5,157.0,157.5,150.0,120.0
KH.116,Kh.116,691,บ้านคกมาด  ,เลย,เชียงคาน,3,2,ลุ่มน้ำโขง,1140,แม่น้ำเลย,198.1999969482422,13.199999809265137,211.4,210.9,211.4,198.1999969482422,
KH.123,Kh.123,688,บ้านพิมานท่า,นครพนม,นาแก,3,2,ลุ่มน้ำโขง,1118,ลำน้ำพุง-ลำน้ำก่ำ,135.0,6.5,141.5,141.0,141.5,135.0,210.0
KH.127,Kh.127,683,บ้านจำปา,อุดรธานี,กุดจับ,3,2,ลุ่มน้ำโขง,1116,ลุ่มน้ำห้วยหลวง,173.0,7.300000190734863,180.3,179.8,180.3,173.0,45.0
KH.130,Kh.130,713,เทศบาลเมืองมุกดาหาร อ.เมือง จ.มุกดาหาร,มุกดาหาร,เมืองมุกดาหาร,3,2,ลุ่มน้ำโขง,1288,ห้วยมุก,129.1999969482422,8.699999809265137,137.9,137.4,137.9,129.1999969482422,
KH.16B,Kh.16B,216,บ้านท่าควาย,นครพนม,เมืองนครพนม,3,2,ลุ่มน้ำโขง,452,ลุ่มน้ำโขง,135.0,13.0,148.0,147.5,148.0,135.0,
KH.28A,Kh.28A,218,บ้านนาหลัก,เลย,วังสะพุง,3,2,ลุ่มน้ำโขง,1140,แม่น้ำเลย,239.60000610351562,10.0,249.6,249.1,249.6,239.60000610351562,610.0
KH.53,Kh.53,219,บ้านหนองวัวซอ,อุดรธานี,หนองวัวซอ,3,2,ลุ่มน้ำโขง,1116,ลุ่มน้ำห้วยหลวง,201.3000030517578,5.0,206.3,205.8,206.3,201.3000030517578,80.0
KH.54,Kh.54,171,บ้านนาหว้า,นครพนม,นาหว้า,3,2,ลุ่มน้ำโขง,1119,ลำน้ำอูน,136.1999969482422,11.399999618530273,147.6,147.1,147.6,136.1999969482422,270.0
KH.58A,Kh.58A,220,บ้านฟากเลย,เลย,เมืองเลย,3,2,ลุ่มน้ำโขง,1140,แม่น้ำเลย,228.89999389648438,9.0,237.9,237.4,237.9,228.89999389648438,530.0
KH.61,Kh.61,221,บ้านแก่งบง,เลย,ภูหลวง,3,2,ลุ่มน้ำโขง,1140,แม่น้ำเลย,258.3999938964844,8.5,266.9,266.4,266.9,258.3999938964844,250.0
KH.72,Kh.72,77,บ้านแม่คำหลักเจ็ด,เชียงราย,แม่จัน,1,2,ลุ่มน้ำโขง,1068,Kh.72 - Kh.89,393.3999938964844,5.0,398.4,397.9,398.4,393.3999938964844,170.5
KH.74,Kh.74,222,บ้านท่าห้วยหลัว,สกลนคร,บ้านม่วง,3,2,ลุ่มน้ำโขง,454,ลุ่มน้ำสงคราม,145.3000030517578,9.5,154.8,154.3,154.8,145.3000030517578,250.0
KH.89,Kh.89,78,บ้านหัวสะพาน,เชียงราย,แม่จัน,1,2,ลุ่มน้ำโขง,1068,Kh.72 - Kh.89,406.3900146484375,2.200000047683716,408.59,408.09,408.59,406.3900146484375,66.0
KH.90,Kh.90,179,บ้านตองโขบ,สกลนคร,โคกศรีสุพรรณ,3,2,ลุ่มน้ำโขง,1118,ลำน้ำพุง-ลำน้ำก่ำ,156.5,8.699999809265137,165.2,164.7,165.2,156.5,190.0
KH.93,Kh.93,227,บ้านโคกคำไหล,อุดรธานี,บ้านดุง,3,2,ลุ่มน้ำโขง,454,ลุ่มน้ำสงคราม,185.0,6.0,191.0,190.5,191.0,185.0,150.0
KH.97,Kh.97,228,บ้านเชียงคาน,เลย,เชียงคาน,3,2,ลุ่มน้ำโขง,452,ลุ่มน้ำโขง,194.5,19.0,213.5,213.0,213.5,194.5,
KH.98,Kh.98,229,บ้านท่ากกแดง,บึงกาฬ,เซกา,3,2,ลุ่มน้ำโขง,454,ลุ่มน้ำสงคราม,136.0,13.5,149.5,149.0,149.5,136.0,640.0
KH.9A,Kh.9A,644,บ้านบึงศาลา,สกลนคร,โพนนาแก้ว,3,2,ลุ่มน้ำโขง,1118,ลำน้ำพุง-ลำน้ำก่ำ,150.0,7.199999809265137,157.2,156.7,157.2,150.0,190.0
TL.3,Tl.3,377,บ้านพังงอน,จันทบุรี,โป่งน้ำร้อน,6,17,ลุ่มน้ำโตนเลสาป,1150,คลองพระพุทธ,190.67999267578125,4.940000057220459,195.62,195.12,195.62,190.67999267578125,257.0199890136719
