station_id,station_oldcode,station_name_th,station_name_en,latitude,longitude,station_type,sub_basin_id,sub_basin_name_th,sub_basin_name_en,sponsor_by,river_name,ground_level,min_bank,qmax,province_code,province_name_th,province_name_en,amphoe_name_th,amphoe_name_en,tumbon_name_th,tumbon_name_en,area_name_th,warning_zone,agency_shortname_th,agency_shortname_en,agency_name_th,agency_name_en,basin_id,basin_name_th,basin_name_en
5537,G09006-STN1299,บ้านน้ำเลียง,,19.565184,100.92158,waterlevel,,,,,แม่น้ำน่านตอนบน,,,,55,น่าน,,ทุ่งช้าง,,ปอน,,ภาคเหนือ,,ทน.,DWR,กรมทรัพยากรน้ำ,Department of Water Resources,9,ลุ่มน้ำน่าน,Nan River Basin
2505,G09006-STN0338,บ้านปอน*,,19.518789,100.927557,waterlevel,,,,,แม่น้ำน่านตอนบน,,,,55,น่าน,,ทุ่งช้าง,,ปอน,,ภาคเหนือ,,ทน.,DWR,กรมทรัพยากรน้ำ,Department of Water Resources,9,ลุ่มน้ำน่าน,Nan River Basin
5536,G09006-STN1298,บ้านภูคำ,,19.483998,100.859708,waterlevel,,,,,แม่น้ำน่านตอนบน,,,,55,น่าน,,ทุ่งช้าง,,งอบ,,ภาคเหนือ,,ทน.,DWR,กรมทรัพยากรน้ำ,Department of Water Resources,9,ลุ่มน้ำน่าน,Nan River Basin
5321,G09006-STN1542,บ้านสลี*,,19.405133,100.880954,waterlevel,,,,,แม่น้ำน่านตอนบน,,,,55,น่าน,,ทุ่งช้าง,,และ,,ภาคเหนือ,,ทน.,DWR,กรมทรัพยากรน้ำ,Department of Water Resources,9,ลุ่มน้ำน่าน,Nan River Basin
5489,G09006-STN1246,บ้านห้วยสะแตง,,19.442399,100.893743,waterlevel,,,,,แม่น้ำน่านตอนบน,,,,55,น่าน,,ทุ่งช้าง,,และ,,ภาคเหนือ,,ทน.,DWR,กรมทรัพยากรน้ำ,Department of Water Resources,9,ลุ่มน้ำน่าน,Nan River Basin
2492,G09006-STN0352,บ้านนาหนุน 3*,,19.135901,100.788184,waterlevel,,,,,ห้วยน้ำยาว (1),,,,55,น่าน,,ท่าวังผา,,ผาตอ,,ภาคเหนือ,,ทน.,DWR,กรมทรัพยากรน้ำ,Department of Water Resources,9,ลุ่มน้ำน่าน,Nan River Basin
5311,G09006-STN1442,บ้านนาเตา*,,19.123687,100.810284,waterlevel,,,,,แม่น้ำน่านตอนบน,,,,55,น่าน,,ท่าวังผา,,ท่าวังผา,,ภาคเหนือ,,ทน.,DWR,กรมทรัพยากรน้ำ,Department of Water Resources,9,ลุ่มน้ำน่าน,Nan River Basin
2496,G09006-STN0898,บ้านปางสา,,19.230945,100.752061,waterlevel,,,,,ห้วยน้ำยาว (1),,,,55,น่าน,,ท่าวังผา,,ผาทอง,,ภาคเหนือ,,ทน.,DWR,กรมทรัพยากรน้ำ,Department of Water Resources,9,ลุ่มน้ำน่าน,Nan River Basin
5493,G09006-STN1250,บ้านแหน 2,,19.175511,100.77183,waterlevel,,,,,ห้วยน้ำยาว (1),,,,55,น่าน,,ท่าวังผา,,ผาตอ,,ภาคเหนือ,,ทน.,DWR,กรมทรัพยากรน้ำ,Department of Water Resources,9,ลุ่มน้ำน่าน,Nan River Basin
5632,G09006-STN1403,บ้านน้ำหิน,,18.294692,100.721618,waterlevel,,,,,น้ำแหง,,,,55,น่าน,,นาน้อย,,เชียงของ,,ภาคเหนือ,,ทน.,DWR,กรมทรัพยากรน้ำ,Department of Water Resources,9,ลุ่มน้ำน่าน,Nan River Basin
2479,G09006-STN0848,บ้านป่ากล้วย*,,18.229369,100.686028,waterlevel,,,,,น้ำแหง,,,,55,น่าน,,นาน้อย,,สถาน,,ภาคเหนือ,,ทน.,DWR,กรมทรัพยากรน้ำ,Department of Water Resources,9,ลุ่มน้ำน่าน,Nan River Basin
268600,G09006-STN2265,บ้านป่าสัก*,,18.310669,100.728303,waterlevel,,,,,น้ำแหง,,,,55,น่าน,,นาน้อย,,เชียงของ,,ภาคเหนือ,,ทน.,DWR,กรมทรัพยากรน้ำ,Department of Water Resources,9,ลุ่มน้ำน่าน,Nan River Basin
5381,G09006-STN1128,บ้านหัวเมือง,,18.365695,100.727942,waterlevel,,,,,น้ำแหง,,,,55,น่าน,,นาน้อย,,ศรีษะเกษ,,ภาคเหนือ,,ทน.,DWR,กรมทรัพยากรน้ำ,Department of Water Resources,9,ลุ่มน้ำน่าน,Nan River Basin
5511,G09006-STN1270,บ้านห้วยเลา,,18.33723,100.95749,waterlevel,,,,,แม่น้ำน่านส่วนที่ 3/2,,,,55,น่าน,,นาน้อย,,เชียงของ,,ภาคเหนือ,,ทน.,DWR,กรมทรัพยากรน้ำ,Department of Water Resources,9,ลุ่มน้ำน่าน,Nan River Basin
2515,G09006-STN0895,บ้านวังน้ำเย็น,,18.217686,100.495465,waterlevel,,,,,แม่น้ำน่านส่วนที่ 3/2,,,,55,น่าน,,นาหมื่น,,เมืองลี,,ภาคเหนือ,,ทน.,DWR,กรมทรัพยากรน้ำ,Department of Water Resources,9,ลุ่มน้ำน่าน,Nan River Basin
5716,G09006-STN1497,บ้านก่อก๋วง,,19.181045,101.120537,waterlevel,,,,,น้ำว้า,,,,55,น่าน,,บ่อเกลือ,,บ่อเกลือใต้,,ภาคเหนือ,,ทน.,DWR,กรมทรัพยากรน้ำ,Department of Water Resources,9,ลุ่มน้ำน่าน,Nan River Basin
5449,G09006-STN1203,บ้านนาเปรื่อง,,19.093463,101.15483,waterlevel,,,,,น้ำว้า,,,,55,น่าน,,บ่อเกลือ,,บ่อเกลือใต้,,ภาคเหนือ,,ทน.,DWR,กรมทรัพยากรน้ำ,Department of Water Resources,9,ลุ่มน้ำน่าน,Nan River Basin
5747,G09006-STN1530,บ้านน้ำแคะ,,19.271172,101.211957,waterlevel,,,,,น้ำว้า,,,,55,น่าน,,บ่อเกลือ,,ดงพญา,,ภาคเหนือ,,ทน.,DWR,กรมทรัพยากรน้ำ,Department of Water Resources,9,ลุ่มน้ำน่าน,Nan River Basin
5744,G09006-STN1527,บ้านห้วยขวาก,,19.347972,101.14245,waterlevel,,,,,แม่น้ำน่านตอนบน,,,,55,น่าน,,บ่อเกลือ,,บ่อเกลือเหนือ,,ภาคเหนือ,,ทน.,DWR,กรมทรัพยากรน้ำ,Department of Water Resources,9,ลุ่มน้ำน่าน,Nan River Basin
5748,G09006-STN1532,บ้านกอก,,19.262329,101.055668,waterlevel,,,,,แม่น้ำน่านตอนบน,,,,55,น่าน,,ปัว,,ภูคา,,ภาคเหนือ,,ทน.,DWR,กรมทรัพยากรน้ำ,Department of Water Resources,9,ลุ่มน้ำน่าน,Nan River Basin
2485,G09006-STN0847,บ้านดอนสถาน1*,,19.207782,100.936047,waterlevel,,,,,แม่น้ำน่านตอนบน,,,,55,น่าน,,ปัว,,สถาน,,ภาคเหนือ,,ทน.,DWR,กรมทรัพยากรน้ำ,Department of Water Resources,9,ลุ่มน้ำน่าน,Nan River Basin
5718,G09006-STN1499,บ้านตีนตก,,19.144361,100.945172,waterlevel,,,,,แม่น้ำน่านตอนบน,,,,55,น่าน,,ปัว,,ศิลาแลง,,ภาคเหนือ,,ทน.,DWR,กรมทรัพยากรน้ำ,Department of Water Resources,9,ลุ่มน้ำน่าน,Nan River Basin
2484,G09006-STN0896,บ้านท่าล้อ,,19.178175,100.849802,waterlevel,,,,,แม่น้ำน่านตอนบน,,,,55,น่าน,,ปัว,,แงง,,ภาคเหนือ,,ทน.,DWR,กรมทรัพยากรน้ำ,Department of Water Resources,9,ลุ่มน้ำน่าน,Nan River Basin
5450,G09006-STN1204,บ้านน้ำดั้น,,19.187081,101.076902,waterlevel,,,,,แม่น้ำน่านตอนบน,,,,55,น่าน,,ปัว,,ภูคา,,ภาคเหนือ,,ทน.,DWR,กรมทรัพยากรน้ำ,Department of Water Resources,9,ลุ่มน้ำน่าน,Nan River Basin
5639,G09006-STN1410,บ้านห้วยท่าง,,19.222772,100.916784,waterlevel,,,,,แม่น้ำน่านตอนบน,,,,55,น่าน,,ปัว,,ไชยวัฒนา,,ภาคเหนือ,,ทน.,DWR,กรมทรัพยากรน้ำ,Department of Water Resources,9,ลุ่มน้ำน่าน,Nan River Basin
2487,G09006-STN0541,บ้านห้วยหลักลาย,,18.985865,101.064727,waterlevel,,,,,น้ำยาว (2),,,,55,น่าน,,ปัว,,อวน,,ภาคเหนือ,,ทน.,DWR,กรมทรัพยากรน้ำ,Department of Water Resources,9,ลุ่มน้ำน่าน,Nan River Basin
5305,G09006-STN1355,บ้านไร่รวงทอง,,19.148316,100.907377,waterlevel,,,,,แม่น้ำน่านส่วนที่ 2/1,,,,55,น่าน,,ปัว,,ปัว,,ภาคเหนือ,,ทน.,DWR,กรมทรัพยากรน้ำ,Department of Water Resources,9,ลุ่มน้ำน่าน,Nan River Basin
5590,G09006-STN1359,บ้านห้วยคำ,,18.789658,100.91363,waterlevel,,,,,แม่น้ำน่านส่วนที่ 2/2,,,,55,น่าน,,ภูเพียง,,ฝายแก้ว,,ภาคเหนือ,,ทน.,DWR,กรมทรัพยากรน้ำ,Department of Water Resources,9,ลุ่มน้ำน่าน,Nan River Basin
5723,G09006-STN1504,บ้านขุนน้ำพริก,,19.332737,100.672612,waterlevel,,,,,ห้วยน้ำยาว (1),,,,55,น่าน,,สองแคว,,นาไร่หลวง,,ภาคเหนือ,,ทน.,DWR,กรมทรัพยากรน้ำ,Department of Water Resources,9,ลุ่มน้ำน่าน,Nan River Basin
5535,G09006-STN1297,บ้านยอด,,19.393346,100.578984,waterlevel,,,,,ห้วยน้ำยาว (1),,,,55,น่าน,,สองแคว,,ยอด,,ภาคเหนือ,,ทน.,DWR,กรมทรัพยากรน้ำ,Department of Water Resources,9,ลุ่มน้ำน่าน,Nan River Basin
2529,G09006-STN0846,บ้านสองแคว*,,19.357041,100.706574,waterlevel,,,,,ห้วยน้ำยาว (1),,,,55,น่าน,,สองแคว,,นาไร่หลวง,,ภาคเหนือ,,ทน.,DWR,กรมทรัพยากรน้ำ,Department of Water Resources,9,ลุ่มน้ำน่าน,Nan River Basin
5488,G09006-STN1245,บ้านห้วยเลา,,19.516668,100.630772,waterlevel,,,,,ห้วยน้ำยาว (1),,,,55,น่าน,,สองแคว,,ชนแดน,,ภาคเหนือ,,ทน.,DWR,กรมทรัพยากรน้ำ,Department of Water Resources,9,ลุ่มน้ำน่าน,Nan River Basin
2536,G09006-STN0540,บ้านเปียงซ้อ,,19.3819,101.186999,waterlevel,,,,,แม่น้ำน่านตอนบน,,,,55,น่าน,,เฉลิมพระเกียรติ,,ขุนน่าน,,ภาคเหนือ,,ทน.,DWR,กรมทรัพยากรน้ำ,Department of Water Resources,9,ลุ่มน้ำน่าน,Nan River Basin
2512,G09006-STN1035,บ้านส้อ*,,19.308154,100.847834,waterlevel,,,,,แม่น้ำน่านตอนบน,,,,55,น่าน,,เชียงกลาง,,เปือ,,ภาคเหนือ,,ทน.,DWR,กรมทรัพยากรน้ำ,Department of Water Resources,9,ลุ่มน้ำน่าน,Nan River Basin
2513,G09006-STN0350,บ้านหัวน้ำ,,19.329101,100.907697,waterlevel,,,,,แม่น้ำน่านตอนบน,,,,55,น่าน,,เชียงกลาง,,พระธาตุ,,ภาคเหนือ,,ทน.,DWR,กรมทรัพยากรน้ำ,Department of Water Resources,9,ลุ่มน้ำน่าน,Nan River Basin
5582,G09006-STN1348,บ้านเกวต,,19.306485,101.010827,waterlevel,,,,,แม่น้ำน่านตอนบน,,,,55,น่าน,,เชียงกลาง,,พญาแก้ว,,ภาคเหนือ,,ทน.,DWR,กรมทรัพยากรน้ำ,Department of Water Resources,9,ลุ่มน้ำน่าน,Nan River Basin
5782,G09006-STN1420,บ้านต้าม,,18.717311,100.626146,waterlevel,,,,,น้ำสมุน,,,,55,น่าน,,เมืองน่าน,,บ่อสวก,,ภาคเหนือ,,ทน.,DWR,กรมทรัพยากรน้ำ,Department of Water Resources,9,ลุ่มน้ำน่าน,Nan River Basin
5779,G09006-STN1311,บ้านผาตูบ,,18.855546,100.737232,waterlevel,,,,,แม่น้ำน่านส่วนที่ 2/2,,,,55,น่าน,,เมืองน่าน,,ผาสิงห์,,ภาคเหนือ,,ทน.,DWR,กรมทรัพยากรน้ำ,Department of Water Resources,9,ลุ่มน้ำน่าน,Nan River Basin
5780,G09006-STN1312,บ้านผาสิงห์,,18.892062,100.750934,waterlevel,,,,,แม่น้ำน่านส่วนที่ 2/1,,,,55,น่าน,,เมืองน่าน,,ผาสิงห์,,ภาคเหนือ,,ทน.,DWR,กรมทรัพยากรน้ำ,Department of Water Resources,9,ลุ่มน้ำน่าน,Nan River Basin
5784,G09006-STN1531,บ้านม่วงเจริญราษฎร์,,18.738199,100.683482,waterlevel,,,,,น้ำสมุน,,,,55,น่าน,,เมืองน่าน,,บ่อสวก,,ภาคเหนือ,,ทน.,DWR,กรมทรัพยากรน้ำ,Department of Water Resources,9,ลุ่มน้ำน่าน,Nan River Basin
5781,G09006-STN1313,บ้านสะเนียน,,18.814657,100.701851,waterlevel,,,,,น้ำสมุน,,,,55,น่าน,,เมืองน่าน,,สะเนียน,,ภาคเหนือ,,ทน.,DWR,กรมทรัพยากรน้ำ,Department of Water Resources,9,ลุ่มน้ำน่าน,Nan River Basin
2470,G09006-STN1034,บ้านเขื่อนแก้ว*,,18.785066,100.700092,waterlevel,,,,,น้ำสมุน,,,,55,น่าน,,เมืองน่าน,,ถืมตอง,,ภาคเหนือ,,ทน.,DWR,กรมทรัพยากรน้ำ,Department of Water Resources,9,ลุ่มน้ำน่าน,Nan River Basin
5571,G09006-STN1337,บ้านชมพู,,18.514876,100.596832,waterlevel,,,,,แม่น้ำน่านส่วนที่ 3/1,,,,55,น่าน,,เวียงสา,,อ่ายนาไลย,,ภาคเหนือ,,ทน.,DWR,กรมทรัพยากรน้ำ,Department of Water Resources,9,ลุ่มน้ำน่าน,Nan River Basin
5560,G09006-STN1325,บ้านชื่น,,18.680542,100.653676,waterlevel,,,,,แม่น้ำน่านส่วนที่ 2/3,,,,55,น่าน,,เวียงสา,,ทุ่งศรีทอง,,ภาคเหนือ,,ทน.,DWR,กรมทรัพยากรน้ำ,Department of Water Resources,9,ลุ่มน้ำน่าน,Nan River Basin
5561,G09006-STN1326,บ้านทุ่งผง,,18.65339,100.684398,waterlevel,,,,,แม่น้ำน่านส่วนที่ 2/3,,,,55,น่าน,,เวียงสา,,ทุ่งศรีทอง,,ภาคเหนือ,,ทน.,DWR,กรมทรัพยากรน้ำ,Department of Water Resources,9,ลุ่มน้ำน่าน,Nan River Basin
5548,G09006-STN1310,บ้านนาสา,,18.593763,100.840496,waterlevel,,,,,น้ำว้า,,,,55,น่าน,,เวียงสา,,ไหล่น่าน,,ภาคเหนือ,,ทน.,DWR,กรมทรัพยากรน้ำ,Department of Water Resources,9,ลุ่มน้ำน่าน,Nan River Basin
5549,G09006-STN1314,บ้านนาเคียน,,18.628265,100.805084,waterlevel,,,,,แม่น้ำน่านส่วนที่ 2/3,,,,55,น่าน,,เวียงสา,,ตาลชุม,,ภาคเหนือ,,ทน.,DWR,กรมทรัพยากรน้ำ,Department of Water Resources,9,ลุ่มน้ำน่าน,Nan River Basin
5558,G09006-STN1323,บ้านนาเหลืองใน,,18.674678,100.822485,waterlevel,,,,,แม่น้ำน่านส่วนที่ 2/3,,,,55,น่าน,,เวียงสา,,นาเหลือง,,ภาคเหนือ,,ทน.,DWR,กรมทรัพยากรน้ำ,Department of Water Resources,9,ลุ่มน้ำน่าน,Nan River Basin
5453,G09006-STN1208,บ้านบ่อหอย,,18.502661,100.400493,waterlevel,,,,,น้ำสา,,,,55,น่าน,,เวียงสา,,ยาบหัวนา,,ภาคเหนือ,,ทน.,DWR,กรมทรัพยากรน้ำ,Department of Water Resources,9,ลุ่มน้ำน่าน,Nan River Basin
268599,G09006-STN2264,บ้านวังแข*,,18.586969,100.700766,waterlevel,,,,,น้ำสา,,,,55,น่าน,,เวียงสา,,ปงสนุก,,ภาคเหนือ,,ทน.,DWR,กรมทรัพยากรน้ำ,Department of Water Resources,9,ลุ่มน้ำน่าน,Nan River Basin
2498,G09006-STN0448,บ้านสันนาเคียน*,,18.494757,100.945088,waterlevel,,,,,แม่น้ำน่านส่วนที่ 3/2,,,,55,น่าน,,เวียงสา,,ส้านนาหนองใหม่,,ภาคเหนือ,,ทน.,DWR,กรมทรัพยากรน้ำ,Department of Water Resources,9,ลุ่มน้ำน่าน,Nan River Basin
5659,G09006-STN1432,บ้านหาดไร่*,,18.563037,100.925618,waterlevel,,,,,น้ำว้า,,,,55,น่าน,,เวียงสา,,ไหล่น่าน,,ภาคเหนือ,,ทน.,DWR,กรมทรัพยากรน้ำ,Department of Water Resources,9,ลุ่มน้ำน่าน,Nan River Basin
5570,G09006-STN1336,บ้านห้วยหลอด,,18.552787,100.544911,waterlevel,,,,,น้ำสา,,,,55,น่าน,,เวียงสา,,ยาบหัวนา,,ภาคเหนือ,,ทน.,DWR,กรมทรัพยากรน้ำ,Department of Water Resources,9,ลุ่มน้ำน่าน,Nan River Basin
2476,G09006-STN0542,บ้านก้อ,,18.793,101.030002,waterlevel,,,,,น้ำว้า,,,,55,น่าน,,แม่จริม,,แม่จริม,,ภาคเหนือ,,ทน.,DWR,กรมทรัพยากรน้ำ,Department of Water Resources,9,ลุ่มน้ำน่าน,Nan River Basin
2475,G09006-STN0797,บ้านน้ำปาย,,18.662784,100.965402,waterlevel,,,,,น้ำว้า,,,,55,น่าน,,แม่จริม,,น้ำปาย,,ภาคเหนือ,,ทน.,DWR,กรมทรัพยากรน้ำ,Department of Water Resources,9,ลุ่มน้ำน่าน,Nan River Basin
268598,G09006-STN2263,บ้านน้ำพาง*,,18.635359,101.038194,waterlevel,,,,,น้ำว้า,,,,55,น่าน,,แม่จริม,,น้ำพาง,,ภาคเหนือ,,ทน.,DWR,กรมทรัพยากรน้ำ,Department of Water Resources,9,ลุ่มน้ำน่าน,Nan River Basin
5583,G09006-STN1349,บ้านน้ำแนะ,,18.646266,101.063551,waterlevel,,,,,น้ำว้า,,,,55,น่าน,,แม่จริม,,น้ำพาง,,ภาคเหนือ,,ทน.,DWR,กรมทรัพยากรน้ำ,Department of Water Resources,9,ลุ่มน้ำน่าน,Nan River Basin
5395,G09006-STN1144,บ้านนาตอน,,17.386596,100.757562,waterlevel,,,,,น้ำภาค,,,,65,พิษณุโลก,,ชาติตระการ,,บ่อภาค,,ภาคเหนือ,,ทน.,DWR,กรมทรัพยากรน้ำ,Department of Water Resources,9,ลุ่มน้ำน่าน,Nan River Basin
5342,G09006-STN1085,บ้านนาล้อม,,17.282266,100.535536,waterlevel,,,,,แม่น้ำแควน้อยส่วนที่ 2,,,,65,พิษณุโลก,,ชาติตระการ,,ป่าแดง,,ภาคเหนือ,,ทน.,DWR,กรมทรัพยากรน้ำ,Department of Water Resources,9,ลุ่มน้ำน่าน,Nan River Basin
8885,G09006-STN2031,บ้านบ่อภาคเหนือ*,,17.551267,100.842424,waterlevel,,,,,น้ำภาค,,,,65,พิษณุโลก,,ชาติตระการ,,บ่อภาค,,ภาคเหนือ,,ทน.,DWR,กรมทรัพยากรน้ำ,Department of Water Resources,9,ลุ่มน้ำน่าน,Nan River Basin
5322,G09006-STN1549,บ้านปากรอง*,,17.302652,100.671239,waterlevel,,,,,น้ำภาค,,,,65,พิษณุโลก,,ชาติตระการ,,ชาติตระการ,,ภาคเหนือ,,ทน.,DWR,กรมทรัพยากรน้ำ,Department of Water Resources,9,ลุ่มน้ำน่าน,Nan River Basin
5350,G09006-STN1093,บ้านนาหนอง,,17.085292,100.762342,waterlevel,,,,,แม่น้ำแควน้อยส่วนที่ 1,,,,65,พิษณุโลก,,นครไทย,,หนองกะท้าว,,ภาคเหนือ,,ทน.,DWR,กรมทรัพยากรน้ำ,Department of Water Resources,9,ลุ่มน้ำน่าน,Nan River Basin
8886,G09006-STN2032,บ้านนาเมือง*,,17.295934,100.830007,waterlevel,,,,,แม่น้ำแควน้อยส่วนที่ 1,,,,65,พิษณุโลก,,นครไทย,,นครชุม,,ภาคเหนือ,,ทน.,DWR,กรมทรัพยากรน้ำ,Department of Water Resources,9,ลุ่มน้ำน่าน,Nan River Basin
2796,G09006-STN1036,บ้านน้ำตอน*,,17.242213,100.873726,waterlevel,,,,,แม่น้ำแควน้อยส่วนที่ 1,,,,65,พิษณุโลก,,นครไทย,,นาบัว,,ภาคเหนือ,,ทน.,DWR,กรมทรัพยากรน้ำ,Department of Water Resources,9,ลุ่มน้ำน่าน,Nan River Basin
5360,G09006-STN1105,บ้านน้ำพริก,,17.19839,100.912409,waterlevel,,,,,แม่น้ำแควน้อยส่วนที่ 1,,,,65,พิษณุโลก,,นครไทย,,ยางโกลน,,ภาคเหนือ,,ทน.,DWR,กรมทรัพยากรน้ำ,Department of Water Resources,9,ลุ่มน้ำน่าน,Nan River Basin
8889,G09006-STN2035,บ้านน้ำเลา*,,17.18943,101.007817,waterlevel,,,,,แม่น้ำแควน้อยส่วนที่ 1,,,,65,พิษณุโลก,,นครไทย,,บ่อโพธิ์,,ภาคเหนือ,,ทน.,DWR,กรมทรัพยากรน้ำ,Department of Water Resources,9,ลุ่มน้ำน่าน,Nan River Basin
268593,G09006-STN2258,บ้านบ่อโพธิ์*,,17.232192,101.053443,waterlevel,,,,,แม่น้ำแควน้อยส่วนที่ 1,,,,65,พิษณุโลก,,นครไทย,,บ่อโพธิ์,,ภาคเหนือ,,ทน.,DWR,กรมทรัพยากรน้ำ,Department of Water Resources,9,ลุ่มน้ำน่าน,Nan River Basin
5738,G09006-STN1521,บ้านพร้าว,,17.124356,100.775528,waterlevel,,,,,แม่น้ำแควน้อยส่วนที่ 1,,,,65,พิษณุโลก,,นครไทย,,บ้านพร้าว,,ภาคเหนือ,,ทน.,DWR,กรมทรัพยากรน้ำ,Department of Water Resources,9,ลุ่มน้ำน่าน,Nan River Basin
8888,G09006-STN2034,บ้านหนองแห้ว*,,17.123485,100.894521,waterlevel,,,,,แม่น้ำแควน้อยส่วนที่ 1,,,,65,พิษณุโลก,,นครไทย,,เนินเพิ่ม,,ภาคเหนือ,,ทน.,DWR,กรมทรัพยากรน้ำ,Department of Water Resources,9,ลุ่มน้ำน่าน,Nan River Basin
5340,G09006-STN1083,บ้านห้วยน้ำเย็น,,17.23296,101.053442,waterlevel,,,,,แม่น้ำแควน้อยส่วนที่ 1,,,,65,พิษณุโลก,,นครไทย,,บ่อโพธิ์,,ภาคเหนือ,,ทน.,DWR,กรมทรัพยากรน้ำ,Department of Water Resources,9,ลุ่มน้ำน่าน,Nan River Basin
5378,G09006-STN1124,บ้านห้วยน้ำไซ,,17.023547,100.934506,waterlevel,,,,,แม่น้ำแควน้อยส่วนที่ 1,,,,65,พิษณุโลก,,นครไทย,,เนินเพิ่ม,,ภาคเหนือ,,ทน.,DWR,กรมทรัพยากรน้ำ,Department of Water Resources,9,ลุ่มน้ำน่าน,Nan River Basin
8887,G09006-STN2033,บ้านเหนือ*,,17.107092,100.845891,waterlevel,,,,,แม่น้ำแควน้อยส่วนที่ 1,,,,65,พิษณุโลก,,นครไทย,,นครไทย,,ภาคเหนือ,,ทน.,DWR,กรมทรัพยากรน้ำ,Department of Water Resources,9,ลุ่มน้ำน่าน,Nan River Basin
5329,G09006-STN1072,บ้านแก่งลาด,,16.959094,100.928315,waterlevel,,,,,แม่น้ำแควน้อยส่วนที่ 1,,,,65,พิษณุโลก,,นครไทย,,ห้วยเฮี้ย,,ภาคเหนือ,,ทน.,DWR,กรมทรัพยากรน้ำ,Department of Water Resources,9,ลุ่มน้ำน่าน,Nan River Basin
5376,G09006-STN1122,บ้านแยง,,16.893437,100.79906,waterlevel,,,,,แม่น้ำวังทอง,,,,65,พิษณุโลก,,นครไทย,,บ้านแยง,,ภาคเหนือ,,ทน.,DWR,กรมทรัพยากรน้ำ,Department of Water Resources,9,ลุ่มน้ำน่าน,Nan River Basin
2800,G09006-STN0294,บ้านท่าข้าม*,,16.854995,100.666768,waterlevel,,,,,แม่น้ำวังทอง,,,,65,พิษณุโลก,,วังทอง,,แก่งโสภา,,ภาคเหนือ,,ทน.,DWR,กรมทรัพยากรน้ำ,Department of Water Resources,9,ลุ่มน้ำน่าน,Nan River Basin
8890,G09006-STN2036,บ้านท่าโปร่ง*,,16.835209,100.460953,waterlevel,,,,,แม่น้ำวังทอง,,,,65,พิษณุโลก,,วังทอง,,ชัยนาม,,ภาคเหนือ,,ทน.,DWR,กรมทรัพยากรน้ำ,Department of Water Resources,9,ลุ่มน้ำน่าน,Nan River Basin
5335,G09006-STN1078,บ้านหินประกาย,,16.928188,100.534279,waterlevel,,,,,แม่น้ำแควน้อยส่วนที่ 2,,,,65,พิษณุโลก,,วังทอง,,วังนกแอ่น,,ภาคเหนือ,,ทน.,DWR,กรมทรัพยากรน้ำ,Department of Water Resources,9,ลุ่มน้ำน่าน,Nan River Basin
2801,G09006-STN0331,บ้านชมภูเหนือ*,,16.696366,100.656815,waterlevel,,,,,แม่น้ำน่านตอนล่างส่วนที่ 2,,,,65,พิษณุโลก,,เนินมะปราง,,ชมพู,,ภาคเหนือ,,ทน.,DWR,กรมทรัพยากรน้ำ,Department of Water Resources,9,ลุ่มน้ำน่าน,Nan River Basin
5425,G09006-STN1178,บ้านมุงเหนือ,,16.562786,100.692792,waterlevel,,,,,แม่น้ำน่านตอนล่างส่วนที่ 2,,,,65,พิษณุโลก,,เนินมะปราง,,บ้านมุง,,ภาคเหนือ,,ทน.,DWR,กรมทรัพยากรน้ำ,Department of Water Resources,9,ลุ่มน้ำน่าน,Nan River Basin
5753,G09006-STN1537,บ้านแสนขัน*,,17.46083,100.346926,waterlevel,,,,,คลองตรอน,,,,53,อุตรดิตถ์,,ทองแสนขัน,,บ่อทอง,,ภาคเหนือ,,ทน.,DWR,กรมทรัพยากรน้ำ,Department of Water Resources,9,ลุ่มน้ำน่าน,Nan River Basin
8893,G09006-STN2039,บ้านนากล่ำ*,,17.580185,100.488935,waterlevel,,,,,คลองตรอน,,,,53,อุตรดิตถ์,,น้ำปาด,,น้ำไคร้,,ภาคเหนือ,,ทน.,DWR,กรมทรัพยากรน้ำ,Department of Water Resources,9,ลุ่มน้ำน่าน,Nan River Basin
5709,G09006-STN1488,บ้านห้วยแมง,,17.584753,100.491884,waterlevel,,,,,คลองตรอน,,,,53,อุตรดิตถ์,,น้ำปาด,,น้ำไคร้,,ภาคเหนือ,,ทน.,DWR,กรมทรัพยากรน้ำ,Department of Water Resources,9,ลุ่มน้ำน่าน,Nan River Basin
5761,G09006-STN1548,บ้านใหม่*,,17.791067,100.748942,waterlevel,,,,,น้ำปาด,,,,53,อุตรดิตถ์,,น้ำปาด,,บ้านฝาย,,ภาคเหนือ,,ทน.,DWR,กรมทรัพยากรน้ำ,Department of Water Resources,9,ลุ่มน้ำน่าน,Nan River Basin
8894,G09006-STN2040,บ้านห้วยน้อยกา*,,18.112832,101.038356,waterlevel,,,,,น้ำปาด,,,,53,อุตรดิตถ์,,บ้านโคก,,ม่วงเจ็ดต้น,,ภาคเหนือ,,ทน.,DWR,กรมทรัพยากรน้ำ,Department of Water Resources,9,ลุ่มน้ำน่าน,Nan River Basin
8895,G09006-STN2041,บ้านไร่อ้อย*,,17.357691,100.066589,waterlevel,,,,,แม่น้ำน่านส่วนที่ 4/2,,,,53,อุตรดิตถ์,,พิชัย,,ไร่อ้อย,,ภาคเหนือ,,ทน.,DWR,กรมทรัพยากรน้ำ,Department of Water Resources,9,ลุ่มน้ำน่าน,Nan River Basin
8896,G09006-STN2042,บ้านวังขวัญ*,,17.997161,100.879396,waterlevel,,,,,น้ำปาด,,,,53,อุตรดิตถ์,,ฟากท่า,,ฟากท่า,,ภาคเหนือ,,ทน.,DWR,กรมทรัพยากรน้ำ,Department of Water Resources,9,ลุ่มน้ำน่าน,Nan River Basin
8897,G09006-STN2043,บ้านป่าเผือก*,,17.617319,100.050064,waterlevel,,,,,แม่น้ำน่านส่วนที่ 4/2,,,,53,อุตรดิตถ์,,ลับแล,,ทุ่งยั้ง,,ภาคเหนือ,,ทน.,DWR,กรมทรัพยากรน้ำ,Department of Water Resources,9,ลุ่มน้ำน่าน,Nan River Basin
2430,G09006-STN1039,บ้านฝางแล้ง,,17.736302,100.214115,waterlevel,,,,,แม่น้ำน่านส่วนที่ 4/1,,,,53,อุตรดิตถ์,,เมืองอุตรดิตถ์,,ขุนฝาง,,ภาคเหนือ,,ทน.,DWR,กรมทรัพยากรน้ำ,Department of Water Resources,9,ลุ่มน้ำน่าน,Nan River Basin
2426,G09006-STN1040,บ้านไร่*,,17.688063,100.119415,waterlevel,,,,,แม่น้ำน่านส่วนที่ 4/1,,,,53,อุตรดิตถ์,,เมืองอุตรดิตถ์,,น้ำริด,,ภาคเหนือ,,ทน.,DWR,กรมทรัพยากรน้ำ,Department of Water Resources,9,ลุ่มน้ำน่าน,Nan River Basin
2811,G09006-STN0357,บ้านน้ำพุ,,16.210173,100.972217,waterlevel,,,,,แม่น้ำน่านตอนล่างส่วนที่ 2,,,,67,เพชรบูรณ์,,ชนแดน,,พุทธบาท,,ภาคเหนือ,,ทน.,DWR,กรมทรัพยากรน้ำ,Department of Water Resources,9,ลุ่มน้ำน่าน,Nan River Basin
2808,G09006-STN0316,บ้านวังลาด,,16.17415,100.911551,waterlevel,,,,,แม่น้ำน่านตอนล่างส่วนที่ 2,,,,67,เพชรบูรณ์,,ชนแดน,,ชนแดน,,ภาคเหนือ,,ทน.,DWR,กรมทรัพยากรน้ำ,Department of Water Resources,9,ลุ่มน้ำน่าน,Nan River Basin
5756,G09006-STN1541,บ้านโพธิ์เตี้ย*,,16.158007,100.817123,waterlevel,,,,,แม่น้ำน่านตอนล่างส่วนที่ 2,,,,67,เพชรบูรณ์,,ชนแดน,,ท่าข้าม,,ภาคเหนือ,,ทน.,DWR,กรมทรัพยากรน้ำ,Department of Water Resources,9,ลุ่มน้ำน่าน,Nan River Basin
2822,G09006-STN0318,บ้านซับเปิป,,16.355189,100.931918,waterlevel,,,,,แม่น้ำน่านตอนล่างส่วนที่ 2,,,,67,เพชรบูรณ์,,วังโป่ง,,ซับเปิบ,,ภาคเหนือ,,ทน.,DWR,กรมทรัพยากรน้ำ,Department of Water Resources,9,ลุ่มน้ำน่าน,Nan River Basin
5545,G09006-STN1307,บ้านดงลึก,,16.284535,100.811791,waterlevel,,,,,แม่น้ำน่านตอนล่างส่วนที่ 2,,,,67,เพชรบูรณ์,,วังโป่ง,,วังศาล,,ภาคเหนือ,,ทน.,DWR,กรมทรัพยากรน้ำ,Department of Water Resources,9,ลุ่มน้ำน่าน,Nan River Basin
2823,G09006-STN0358,บ้านทุ่งสมอ,,16.705003,101.0438,waterlevel,,,,,แม่น้ำวังทอง,,,,67,เพชรบูรณ์,,เขาค้อ,,ทุ่งสมอ,,ภาคเหนือ,,ทน.,DWR,กรมทรัพยากรน้ำ,Department of Water Resources,9,ลุ่มน้ำน่าน,Nan River Basin
